Year,FG_num,FG_name,mean_density,n_areas_contributing,n_samples_total
1994,64,Bivalves,0.0275260350230741,4,139
1994,61,Benthopelagic cephalopods,0.0546364985095851,7,517
1994,44,Flatfishes,0.23684497645171,7,513
1994,74,Non-commercial decapods,0.138558559892859,7,493
1994,65,Gastropods,0.00149976882876343,4,271
1994,35,Sparidae+,0.830341253416797,7,517
1994,53,No commercial small demersal fish,0.42726314788203,7,493
1994,28,European conger,0.0234790148503882,7,477
1994,63,Other benthic cephalopods,0.122144320632801,7,517
1994,40,Scorpaenidae+,0.164368490339312,7,517
1994,27,Anglerfish,0.1412036390213,7,489
1994,29,European hake juv.,0.372396548261416,7,517
1994,50,Red mullet,0.0976081175001587,7,423
1994,51,Surmullet,0.0145267672122784,7,487
1994,60,Coastal benthic cephalopods,0.080144285790058,7,355
1994,46,No commercial medium demersal fish,0.0818650604888551,7,432
1994,34,Common pandora,0.0480454023997288,7,344
1994,58,Rays and skates,0.210116459104053,7,481
1994,19,European sardine adult,2.52393148460052,7,349
1994,16,Mackerels,0.20924867097759,5,123
1994,55,Small-spotted catshark,0.0700058046522229,7,456
1994,43,Labridae and serranidae+,0.0489748717037652,7,462
1994,24,Other small pelagic fish,1.14662874085968,7,354
1994,73,Other commercial decapods,0.00583531907088117,7,326
1994,17,Horse mackerels,1.76937871976097,7,517
1994,45,Other commercial medium demersal fish,0.0876015899722344,7,507
1995,61,Benthopelagic cephalopods,0.0702404966926061,8,535
1995,64,Bivalves,0.0789097804455886,5,176
1995,74,Non-commercial decapods,0.153530695166149,8,535
1995,44,Flatfishes,0.381882821498191,8,540
1995,35,Sparidae+,0.593211266837314,8,540
1995,53,No commercial small demersal fish,0.136038800705466,8,540
1995,28,European conger,0.0220387020939806,8,509
1995,63,Other benthic cephalopods,0.120504003227708,8,540
1995,29,European hake juv.,0.29429121716923,8,540
1995,50,Red mullet,0.0812737054223664,7,480
1995,60,Coastal benthic cephalopods,0.0831647633614065,7,408
1995,65,Gastropods,0.0177003960731215,5,281
1995,19,European sardine adult,2.4890132731572,8,305
1995,40,Scorpaenidae+,0.242985026196348,8,540
1995,55,Small-spotted catshark,0.0725134874385013,8,473
1995,43,Labridae and serranidae+,0.0781999813696821,8,430
1995,73,Other commercial decapods,0.00937399070862032,7,307
1995,59,Torpedos,0.0254355635381488,7,280
1995,17,Horse mackerels,3.10145723000362,8,540
1996,61,Benthopelagic cephalopods,0.056924455183085,8,554
1996,44,Flatfishes,0.226317458451629,8,554
1996,74,Non-commercial decapods,0.125545089405386,8,509
1996,65,Gastropods,0.0021776840959074,4,266
1996,53,No commercial small demersal fish,0.206282493184509,8,554
1996,35,Sparidae+,0.849531418707881,8,554
1996,28,European conger,0.0927280294115937,8,537
1996,37,Common two-banded seabream,0.0437039331099851,3,83
1996,63,Other benthic cephalopods,0.0935846646622167,8,554
1996,27,Anglerfish,0.161948591345351,8,522
1996,73,Other commercial decapods,0.0115344091309112,7,456
1996,29,European hake juv.,0.324248747409783,8,554
1996,64,Bivalves,0.020311963846754,4,142
1996,50,Red mullet,0.0933515961773218,7,435
1996,51,Surmullet,0.0164818844175598,8,544
1996,60,Coastal benthic cephalopods,0.0792200296370253,7,435
1996,46,No commercial medium demersal fish,0.0454449533381033,8,478
1996,34,Common pandora,0.0515569764913047,7,305
1996,77,Sea cucumbers,0.00378467911521657,3,105
1996,58,Rays and skates,0.21488884628134,8,487
1996,16,Mackerels,0.101749734789429,5,261
1996,40,Scorpaenidae+,0.202130866339454,8,554
1996,55,Small-spotted catshark,0.0917585898215907,8,492
1996,43,Labridae and serranidae+,0.0576688740832384,7,467
1996,24,Other small pelagic fish,0.409989303320992,7,381
1996,17,Horse mackerels,1.77776032046717,8,554
1997,74,Non-commercial decapods,0.183049253274047,8,521
1997,61,Benthopelagic cephalopods,0.063600629513534,8,547
1997,49,Transparent gobies,0.0205502539335737,4,104
1997,44,Flatfishes,0.205153752046315,8,547
1997,64,Bivalves,0.00990265629309988,4,167
1997,53,No commercial small demersal fish,0.16376485592158,8,545
1997,35,Sparidae+,0.653754018077784,8,547
1997,65,Gastropods,0.00341348720216884,3,250
1997,37,Common two-banded seabream,0.0132141899307267,5,198
1997,63,Other benthic cephalopods,0.0930194770514147,8,547
1997,25,Benthopelagic fishes,0.229007670901674,8,480
1997,40,Scorpaenidae+,0.145093914179548,8,547
1997,27,Anglerfish,0.17576876370942,8,532
1997,29,European hake juv.,0.332919277321154,8,545
1997,50,Red mullet,0.0598246532762514,7,443
1997,51,Surmullet,0.0184722207762963,7,446
1997,60,Coastal benthic cephalopods,0.10094902724042,7,373
1997,46,No commercial medium demersal fish,0.0772881596213737,7,399
1997,34,Common pandora,0.050285700264841,7,260
1997,77,Sea cucumbers,0.00557204395526037,4,253
1997,19,European sardine adult,3.91343432910256,7,291
1997,16,Mackerels,1.28479148912674,5,273
1997,43,Labridae and serranidae+,0.0578928562725171,7,370
1997,24,Other small pelagic fish,0.59536506762334,7,378
1997,73,Other commercial decapods,0.00807915501862812,7,359
1997,59,Torpedos,0.00978665139300754,6,484
1997,17,Horse mackerels,1.04024771156245,8,547
1998,74,Non-commercial decapods,0.17507537173078,8,509
1998,61,Benthopelagic cephalopods,0.0673998432454404,8,547
1998,18,Other medium pelagic fishes,0.106240290794385,5,109
1998,43,Labridae and serranidae+,0.0583826693728374,7,441
1998,44,Flatfishes,0.167370792270689,8,547
1998,65,Gastropods,0.00250291370396543,4,253
1998,35,Sparidae+,0.864145642646143,8,547
1998,53,No commercial small demersal fish,0.167830612931723,8,547
1998,28,European conger,0.0288664617143301,8,537
1998,37,Common two-banded seabream,0.0117800042364825,5,144
1998,46,No commercial medium demersal fish,0.0642501099758573,7,357
1998,63,Other benthic cephalopods,0.119769862234558,8,547
1998,40,Scorpaenidae+,0.152139803027557,8,547
1998,27,Anglerfish,0.111821965683604,8,526
1998,29,European hake juv.,0.39178765590164,8,547
1998,64,Bivalves,0.0542206527540598,3,129
1998,50,Red mullet,0.158434655214415,7,401
1998,51,Surmullet,0.0284325701607192,7,461
1998,60,Coastal benthic cephalopods,0.0735522346345388,7,454
1998,77,Sea cucumbers,0.00387566486938788,4,144
1998,45,Other commercial medium demersal fish,0.0919367443185966,8,547
1998,58,Rays and skates,0.242555125510531,8,508
1998,23,Round sardinella,0.128821369180766,5,126
1998,55,Small-spotted catshark,0.0619217355938673,8,472
1998,24,Other small pelagic fish,0.801725841525946,7,363
1998,59,Torpedos,0.0183446973718359,5,390
1998,17,Horse mackerels,1.86664696293361,8,537
1999,61,Benthopelagic cephalopods,0.0836998253280388,8,563
1999,49,Transparent gobies,0.0294777109845788,4,108
1999,44,Flatfishes,0.19754855348756,8,563
1999,74,Non-commercial decapods,0.125618481069061,8,543
1999,53,No commercial small demersal fish,0.294916060445385,8,563
1999,35,Sparidae+,0.67644124038534,8,560
1999,28,European conger,0.0276522512616475,8,522
1999,65,Gastropods,0.000502440722062177,4,272
1999,63,Other benthic cephalopods,0.0959361597452251,8,563
1999,21,European anchovy juv.,1.74234013240649,7,337
1999,40,Scorpaenidae+,0.190379130165309,8,563
1999,27,Anglerfish,0.131828406831249,8,558
1999,29,European hake juv.,0.597532815003205,7,559
1999,64,Bivalves,0.00369900857441292,4,207
1999,50,Red mullet,0.114436651578962,7,436
1999,60,Coastal benthic cephalopods,0.141015111109749,8,456
1999,46,No commercial medium demersal fish,0.0541373371600744,8,413
1999,43,Labridae and serranidae+,0.0675730672955745,8,432
1999,24,Other small pelagic fish,0.296523214955064,8,431
1999,73,Other commercial decapods,0.00670269410735257,7,365
1999,17,Horse mackerels,1.84099821477482,8,563
2000,61,Benthopelagic cephalopods,0.135551432846366,7,560
2000,49,Transparent gobies,0.0380457287295074,4,124
2000,44,Flatfishes,0.262903374534355,7,560
2000,74,Non-commercial decapods,0.143038208099051,7,522
2000,64,Bivalves,0.00890864066102326,4,198
2000,65,Gastropods,0.000986635248051947,4,271
2000,53,No commercial small demersal fish,0.129916229890173,7,560
2000,35,Sparidae+,1.04949644375476,7,560
2000,21,European anchovy juv.,1.61992243257942,7,290
2000,29,European hake juv.,0.380700777949527,7,560
2000,50,Red mullet,0.0912268648799138,7,455
2000,60,Coastal benthic cephalopods,0.182847157143376,7,405
2000,34,Common pandora,0.0592557806898068,7,375
2000,58,Rays and skates,0.179278148644947,7,542
2000,63,Other benthic cephalopods,0.103724413781055,7,560
2000,19,European sardine adult,2.28832025437249,7,285
2000,16,Mackerels,0.110373822908509,5,213
2000,40,Scorpaenidae+,0.174379371005628,7,560
2000,55,Small-spotted catshark,0.156587041840502,7,474
2000,43,Labridae and serranidae+,0.0812994618706662,7,391
2000,24,Other small pelagic fish,0.470439120111786,7,437
2000,73,Other commercial decapods,0.00661924821142187,6,392
2000,46,No commercial medium demersal fish,0.0934792513255724,7,416
2000,45,Other commercial medium demersal fish,0.0955089666217642,7,560
2000,17,Horse mackerels,1.9859317031781,7,560
2001,61,Benthopelagic cephalopods,0.0679910739297373,8,571
2001,49,Transparent gobies,0.0456232729426917,3,99
2001,44,Flatfishes,0.31727153898343,8,571
2001,35,Sparidae+,1.44888976453649,8,571
2001,74,Non-commercial decapods,0.107926561786279,8,550
2001,53,No commercial small demersal fish,0.157655565904209,8,571
2001,40,Scorpaenidae+,0.281855482306289,8,571
2001,28,European conger,0.0259597494934136,8,515
2001,64,Bivalves,0.00148033544812866,5,285
2001,37,Common two-banded seabream,0.0346929021539057,5,111
2001,29,European hake juv.,0.513707784144635,8,571
2001,50,Red mullet,0.106806018836013,7,455
2001,51,Surmullet,0.0207327078263649,8,571
2001,60,Coastal benthic cephalopods,0.260033358721664,7,365
2001,46,No commercial medium demersal fish,0.0762714179234752,8,487
2001,34,Common pandora,0.0906877962729396,7,312
2001,77,Sea cucumbers,0.00248857313747424,4,255
2001,58,Rays and skates,0.427881483041973,8,518
2001,55,Small-spotted catshark,0.123111531674221,8,494
2001,63,Other benthic cephalopods,0.0938508734251764,8,571
2001,43,Labridae and serranidae+,0.0962543809628706,8,383
2001,24,Other small pelagic fish,0.741558197174645,8,391
2001,59,Torpedos,0.0133327236378259,7,327
2001,17,Horse mackerels,3.39936127299457,8,571
2001,65,Gastropods,0.00103919959412442,5,276
2001,45,Other commercial medium demersal fish,0.13889076382626,8,570
2002,64,Bivalves,0.0166048720351687,4,248
2002,61,Benthopelagic cephalopods,0.0715685038191044,7,485
2002,18,Other medium pelagic fishes,0.176116010804267,4,83
2002,74,Non-commercial decapods,0.261436313716881,7,400
2002,43,Labridae and serranidae+,0.0679905352399626,6,290
2002,44,Flatfishes,0.223368127081398,7,485
2002,65,Gastropods,0.00166304456950787,6,280
2002,53,No commercial small demersal fish,0.0826563968654591,7,485
2002,35,Sparidae+,1.02941297396188,7,485
2002,48,Mugilidae,0.802451149162381,4,41
2002,28,European conger,0.0274761655447169,7,442
2002,37,Common two-banded seabream,0.0289608002663399,5,123
2002,46,No commercial medium demersal fish,0.0510794780772535,7,449
2002,63,Other benthic cephalopods,0.0963332913168654,7,485
2002,27,Anglerfish,0.127106206662504,7,459
2002,73,Other commercial decapods,0.00917043508981151,5,146
2002,29,European hake juv.,0.422817979221469,7,485
2002,50,Red mullet,0.0848038978319823,6,371
2002,51,Surmullet,0.0212088302234438,7,473
2002,60,Coastal benthic cephalopods,0.118997082459807,6,335
2002,34,Common pandora,0.128015524702678,6,258
2002,72,European lobster,0.0132673491445557,3,33
2002,77,Sea cucumbers,0.00482881660386852,5,310
2002,58,Rays and skates,0.160654523480957,7,455
2002,19,European sardine adult,2.21342266323095,6,294
2002,40,Scorpaenidae+,0.179135895752252,7,485
2002,39,Red scorpionfish,0.0318272803848357,5,119
2002,55,Small-spotted catshark,0.113747478052402,7,435
2002,24,Other small pelagic fish,0.390247817527582,6,290
2002,59,Torpedos,0.0112684011712689,6,306
2002,17,Horse mackerels,1.83391819128682,7,485
2002,45,Other commercial medium demersal fish,0.0839483271144044,7,479
2003,61,Benthopelagic cephalopods,0.0927226659434187,7,524
2003,74,Non-commercial decapods,0.116759499127365,7,500
2003,45,Other commercial medium demersal fish,0.090763181911804,7,524
2003,44,Flatfishes,0.172818426023868,7,524
2003,65,Gastropods,0.000622718496439493,4,315
2003,53,No commercial small demersal fish,0.216646131331902,7,524
2003,35,Sparidae+,1.56664796432311,7,524
2003,46,No commercial medium demersal fish,0.0453764954327035,7,415
2003,40,Scorpaenidae+,0.197929275949968,7,524
2003,28,European conger,0.0295583013763453,7,459
2003,37,Common two-banded seabream,0.00932690982727727,4,149
2003,21,European anchovy juv.,2.50848104170753,7,390
2003,29,European hake juv.,0.547021178472019,7,524
2003,50,Red mullet,0.113151964159268,7,460
2003,51,Surmullet,0.0177315296103415,7,524
2003,57,Other small demersal sharks,0.021703663514641,7,300
2003,60,Coastal benthic cephalopods,0.0710901258884945,7,455
2003,34,Common pandora,0.0836220190358724,7,304
2003,58,Rays and skates,0.265600058240278,7,502
2003,19,European sardine adult,4.67067290832433,7,370
2003,23,Round sardinella,0.277834982734878,4,90
2003,16,Mackerels,0.323207982569871,7,360
2003,55,Small-spotted catshark,0.125628965544317,7,450
2003,63,Other benthic cephalopods,0.0859253203757588,7,524
2003,43,Labridae and serranidae+,0.0356230738096719,7,475
2003,24,Other small pelagic fish,0.49279649911171,7,403
2003,73,Other commercial decapods,0.00682876506346165,6,303
2003,59,Torpedos,0.0105333944882674,7,248
2003,17,Horse mackerels,1.58170711252799,7,524
2004,61,Benthopelagic cephalopods,0.0680801064574303,8,503
2004,74,Non-commercial decapods,0.1388574068346,8,443
2004,49,Transparent gobies,0.0383519352665822,4,157
2004,44,Flatfishes,0.131910069243413,8,503
2004,53,No commercial small demersal fish,0.130987797894728,8,502
2004,65,Gastropods,0.00143334828524605,5,265
2004,35,Sparidae+,1.36310371391309,8,502
2004,28,European conger,0.0186478087434414,7,445
2004,38,Common dentex,1.33981242806344,1,4
2004,37,Common two-banded seabream,0.0224107886595981,6,117
2004,46,No commercial medium demersal fish,0.0576494817109722,8,384
2004,63,Other benthic cephalopods,0.0858403579897388,8,503
2004,21,European anchovy juv.,2.61408088143968,6,257
2004,40,Scorpaenidae+,0.157482631193483,8,503
2004,27,Anglerfish,0.11694396303547,8,502
2004,73,Other commercial decapods,0.00471497462566081,6,261
2004,29,European hake juv.,0.446860764198197,8,503
2004,64,Bivalves,0.00924183605972284,4,183
2004,50,Red mullet,0.0881827051538637,7,449
2004,51,Surmullet,0.0332581829027947,8,412
2004,58,Rays and skates,0.298054943114462,8,483
2004,71,Norway lobster,0.0968030424031131,8,330
2004,60,Coastal benthic cephalopods,0.0685033462751288,8,365
2004,34,Common pandora,0.0700348367190873,7,283
2004,77,Sea cucumbers,0.00574571017132039,4,177
2004,19,European sardine adult,1.99032176317615,6,273
2004,23,Round sardinella,0.0358077349354949,4,96
2004,16,Mackerels,0.702284113815373,5,184
2004,55,Small-spotted catshark,0.115418644216559,8,447
2004,43,Labridae and serranidae+,0.0427306630061921,8,363
2004,18,Other medium pelagic fishes,0.0519278033125517,6,117
2004,24,Other small pelagic fish,0.450783460986206,8,419
2004,59,Torpedos,0.00472213642263169,7,322
2004,17,Horse mackerels,2.44176451830201,8,503
2004,45,Other commercial medium demersal fish,0.0794259345089511,8,495
2005,61,Benthopelagic cephalopods,0.0963306060788484,8,498
2005,44,Flatfishes,0.253478068498522,8,498
2005,53,No commercial small demersal fish,0.279582303612137,8,498
2005,65,Gastropods,0.0014404002773764,5,249
2005,35,Sparidae+,1.05159388423319,8,498
2005,28,European conger,0.0161555074741659,8,481
2005,74,Non-commercial decapods,0.208178888270675,8,447
2005,37,Common two-banded seabream,0.0163185342239494,4,107
2005,63,Other benthic cephalopods,0.102565216111858,8,498
2005,40,Scorpaenidae+,0.172132007911579,8,498
2005,27,Anglerfish,0.121239303628551,8,485
2005,29,European hake juv.,0.534278873187257,8,498
2005,50,Red mullet,0.109935877601831,7,426
2005,51,Surmullet,0.0254332267864575,8,435
2005,60,Coastal benthic cephalopods,0.115833233967412,7,387
2005,46,No commercial medium demersal fish,0.0692281010634702,7,372
2005,34,Common pandora,0.037269829045443,7,329
2005,77,Sea cucumbers,0.00600982810552825,4,227
2005,58,Rays and skates,0.263632726961644,8,498
2005,19,European sardine adult,6.30951155844081,6,278
2005,16,Mackerels,0.135899348314955,6,291
2005,55,Small-spotted catshark,0.107587764407816,8,441
2005,43,Labridae and serranidae+,0.0753599351220669,7,305
2005,24,Other small pelagic fish,0.417415919667328,7,379
2005,17,Horse mackerels,1.86291982918338,8,498
2005,45,Other commercial medium demersal fish,0.0890482312356574,8,498
2006,61,Benthopelagic cephalopods,0.0847309021318223,9,523
2006,74,Non-commercial decapods,0.136400777768783,9,490
2006,44,Flatfishes,0.308595925105869,9,522
2006,65,Gastropods,0.00156208290357182,5,262
2006,35,Sparidae+,1.38490373977904,9,522
2006,53,No commercial small demersal fish,0.140846265325995,9,522
2006,46,No commercial medium demersal fish,0.122706801847178,9,395
2006,64,Bivalves,0.00415356900718816,3,194
2006,40,Scorpaenidae+,0.237952707547733,9,523
2006,28,European conger,0.030986706850082,9,490
2006,43,Labridae and serranidae+,0.0705456431838913,9,374
2006,37,Common two-banded seabream,0.0153236560997242,5,137
2006,63,Other benthic cephalopods,0.132203786619329,9,522
2006,21,European anchovy juv.,1.42782224006818,7,268
2006,48,Mugilidae,1.78407905606609,4,59
2006,73,Other commercial decapods,0.00608572637425109,8,329
2006,29,European hake juv.,0.639608998572337,9,521
2006,50,Red mullet,0.125630261940091,7,473
2006,51,Surmullet,0.0301463649497607,8,425
2006,60,Coastal benthic cephalopods,0.218059884916168,8,383
2006,34,Common pandora,0.066062750131931,8,333
2006,77,Sea cucumbers,0.00531670740980432,5,235
2006,58,Rays and skates,0.394733118441884,9,515
2006,19,European sardine adult,3.46285917929098,6,286
2006,16,Mackerels,0.175135263563333,6,331
2006,55,Small-spotted catshark,0.192946747053008,9,481
2006,24,Other small pelagic fish,0.536070883953763,7,432
2006,59,Torpedos,0.01502221688943,6,321
2006,17,Horse mackerels,4.25523600811048,9,522
2006,32,Poor cod,0.214075548485079,8,434
2006,45,Other commercial medium demersal fish,0.128235559385627,9,521
2007,61,Benthopelagic cephalopods,0.075531969856733,9,539
2007,74,Non-commercial decapods,0.143517545910258,9,507
2007,64,Bivalves,0.0300765908169017,5,150
2007,44,Flatfishes,0.332207972477084,9,539
2007,63,Other benthic cephalopods,0.0760112369877544,9,539
2007,65,Gastropods,0.00188140019802056,7,342
2007,53,No commercial small demersal fish,0.268550026020766,9,539
2007,35,Sparidae+,1.59556889082097,9,540
2007,46,No commercial medium demersal fish,0.108100641375568,8,440
2007,28,European conger,0.0320235962057815,9,530
2007,37,Common two-banded seabream,0.0448581215873167,6,159
2007,54,Bathydemersal (deep sea) fish,0.871377320254366,9,440
2007,25,Benthopelagic fishes,0.195972215227561,9,392
2007,40,Scorpaenidae+,0.25260271932492,9,540
2007,27,Anglerfish,0.176202457596114,9,499
2007,29,European hake juv.,0.347871388057652,8,533
2007,50,Red mullet,0.211444310144799,8,445
2007,51,Surmullet,0.0930276303510791,9,444
2007,60,Coastal benthic cephalopods,0.179056354362849,9,373
2007,34,Common pandora,0.146262423443478,9,317
2007,77,Sea cucumbers,0.00888430870103827,5,283
2007,58,Rays and skates,0.432152725791285,9,520
2007,19,European sardine adult,3.68702550493731,9,305
2007,16,Mackerels,0.311998101985339,7,260
2007,55,Small-spotted catshark,0.18540337990112,9,482
2007,43,Labridae and serranidae+,0.118820855432602,9,397
2007,24,Other small pelagic fish,1.32217911000174,8,304
2007,45,Other commercial medium demersal fish,0.121941890530212,9,540
2007,17,Horse mackerels,11.2855705097243,9,539
2008,64,Bivalves,0.0137989604236514,5,213
2008,61,Benthopelagic cephalopods,0.0857011343103348,9,534
2008,44,Flatfishes,0.157998675243967,9,534
2008,65,Gastropods,0.0012584102904754,5,290
2008,53,No commercial small demersal fish,0.184918367287819,9,534
2008,35,Sparidae+,2.22764915338328,9,534
2008,28,European conger,0.03484644142875,8,463
2008,74,Non-commercial decapods,0.0856965569095961,9,507
2008,37,Common two-banded seabream,0.0347218157901719,6,142
2008,46,No commercial medium demersal fish,0.0555088095968542,8,363
2008,63,Other benthic cephalopods,0.0572120933966688,9,534
2008,40,Scorpaenidae+,0.192524099565806,9,534
2008,48,Mugilidae,0.305344524801408,3,31
2008,27,Anglerfish,0.144541461782084,9,516
2008,29,European hake juv.,0.525443357561019,9,530
2008,50,Red mullet,0.107136443948307,8,443
2008,51,Surmullet,0.0392987742143157,8,470
2008,60,Coastal benthic cephalopods,0.14311868753993,9,445
2008,34,Common pandora,0.0961873256222459,9,369
2008,77,Sea cucumbers,0.0121203412470396,5,291
2008,19,European sardine adult,2.8444400271889,9,290
2008,16,Mackerels,0.361610811082443,5,201
2008,55,Small-spotted catshark,0.134591144806505,9,489
2008,43,Labridae and serranidae+,0.0598858894046151,9,434
2008,18,Other medium pelagic fishes,0.205565114033158,5,74
2008,24,Other small pelagic fish,0.790158100232967,8,397
2008,59,Torpedos,0.0264608940261231,7,304
2008,17,Horse mackerels,6.57860100000052,9,534
2009,61,Benthopelagic cephalopods,0.0984775394872674,9,540
2009,44,Flatfishes,0.317323901271164,9,539
2009,53,No commercial small demersal fish,0.19060462164054,9,539
2009,65,Gastropods,0.00161818569886712,6,300
2009,35,Sparidae+,1.51282304904985,9,540
2009,74,Non-commercial decapods,0.124757484443382,9,517
2009,40,Scorpaenidae+,0.24408540590985,9,540
2009,28,European conger,0.0260285583718349,9,485
2009,37,Common two-banded seabream,0.0446578057651911,6,110
2009,63,Other benthic cephalopods,0.0963668505213157,9,539
2009,27,Anglerfish,0.200706286045071,9,524
2009,29,European hake juv.,0.48012608498838,9,538
2009,50,Red mullet,0.09316005005006,8,495
2009,51,Surmullet,0.119093873017121,9,478
2009,60,Coastal benthic cephalopods,0.163888843432359,9,401
2009,46,No commercial medium demersal fish,0.0514706769422234,9,426
2009,34,Common pandora,0.125648818391448,9,367
2009,77,Sea cucumbers,0.0131963830516283,5,289
2009,19,European sardine adult,1.45477403585973,8,324
2009,39,Red scorpionfish,0.0198969982713711,5,207
2009,55,Small-spotted catshark,0.142011320347614,9,498
2009,43,Labridae and serranidae+,0.0754511816238355,9,416
2009,24,Other small pelagic fish,1.08868936025022,9,355
2009,73,Other commercial decapods,0.00896659204788441,8,301
2009,59,Torpedos,0.0116897051483297,9,398
2009,17,Horse mackerels,4.40207576087466,9,540
2009,45,Other commercial medium demersal fish,0.116868841507434,9,533
2010,61,Benthopelagic cephalopods,0.131606962782663,8,497
2010,74,Non-commercial decapods,0.133899875272619,8,469
2010,44,Flatfishes,0.288132784863067,8,494
2010,65,Gastropods,0.000987285000716744,6,295
2010,53,No commercial small demersal fish,0.25824500945255,8,497
2010,35,Sparidae+,1.85255376237224,8,497
2010,28,European conger,0.0264696476742513,8,464
2010,37,Common two-banded seabream,0.0316115650068679,7,131
2010,46,No commercial medium demersal fish,0.0756020470086951,8,389
2010,29,European hake juv.,0.523424749974092,8,497
2010,50,Red mullet,0.138144095510115,8,448
2010,51,Surmullet,0.0467726717667228,8,444
2010,57,Other small demersal sharks,0.0533044414693418,8,262
2010,60,Coastal benthic cephalopods,0.178606257278599,8,390
2010,34,Common pandora,0.113047865446053,8,346
2010,77,Sea cucumbers,0.00725869122937144,4,233
2010,64,Bivalves,0.010187767520481,4,149
2010,40,Scorpaenidae+,0.208849014455684,8,497
2010,55,Small-spotted catshark,0.14963106750798,8,441
2010,63,Other benthic cephalopods,0.0891229707622895,8,497
2010,43,Labridae and serranidae+,0.0858634789732335,8,369
2010,24,Other small pelagic fish,1.00190443458286,8,377
2010,73,Other commercial decapods,0.00415593887439182,7,275
2010,59,Torpedos,0.013050126549837,7,328
2010,17,Horse mackerels,4.83139871578133,8,497
2011,61,Benthopelagic cephalopods,0.107958654780556,9,548
2011,74,Non-commercial decapods,0.140457096779607,9,499
2011,65,Gastropods,0.00140688769403038,6,359
2011,44,Flatfishes,0.283947372859723,9,548
2011,63,Other benthic cephalopods,0.104914978713341,9,548
2011,35,Sparidae+,2.17144584391209,9,548
2011,53,No commercial small demersal fish,0.232575258716512,9,548
2011,46,No commercial medium demersal fish,0.054805972771428,9,522
2011,28,European conger,0.0172737293103234,9,452
2011,37,Common two-banded seabream,0.017454812781496,7,163
2011,11,Pelagic sharks,0.525652076504322,1,3
2011,64,Bivalves,0.0512904545871303,6,205
2011,40,Scorpaenidae+,0.240287782701571,9,548
2011,29,European hake juv.,0.286290931733066,8,541
2011,50,Red mullet,0.139249962597822,8,493
2011,51,Surmullet,0.0513192977860313,8,485
2011,60,Coastal benthic cephalopods,0.301907152622337,9,427
2011,34,Common pandora,0.110781071224875,8,368
2011,77,Sea cucumbers,0.0110611828586151,6,359
2011,58,Rays and skates,0.565081969099761,9,519
2011,39,Red scorpionfish,0.0302632552229808,8,219
2011,43,Labridae and serranidae+,0.0903360652990251,9,427
2011,24,Other small pelagic fish,4.29359576520406,8,437
2011,73,Other commercial decapods,0.00360583707484309,7,271
2011,17,Horse mackerels,5.00373372343044,9,548
2012,74,Non-commercial decapods,0.193479400969703,9,555
2012,64,Bivalves,0.014164682541104,8,359
2012,82,Other corals and gorgonians,0.00244698121030697,8,356
2012,61,Benthopelagic cephalopods,0.0829892224461875,9,555
2012,44,Flatfishes,0.428793167658097,9,555
2012,78,Other macro-benthos,0.0541446307601157,9,483
2012,65,Gastropods,0.00196834038937607,9,535
2012,53,No commercial small demersal fish,0.195846564298197,9,555
2012,35,Sparidae+,1.69415321701584,9,555
2012,46,No commercial medium demersal fish,0.0753340088740364,9,462
2012,28,European conger,0.0173479329621667,9,500
2012,40,Scorpaenidae+,0.208927215260059,9,555
2012,37,Common two-banded seabream,0.0339276100931817,7,128
2012,77,Sea cucumbers,0.0229120436485543,9,545
2012,29,European hake juv.,0.281237401249244,9,550
2012,50,Red mullet,0.112617841957274,8,500
2012,60,Coastal benthic cephalopods,0.18115280647839,9,445
2012,34,Common pandora,0.131175651171239,8,330
2012,81,Red coral,0.00249069259923184,9,368
2012,80,Salps and other gelatinous zooplankton,0.0376876256762764,5,215
2012,58,Rays and skates,0.447438167622728,9,555
2012,19,European sardine adult,0.913011425640216,8,338
2012,23,Round sardinella,0.0754252478137854,5,119
2012,55,Small-spotted catshark,0.16118318662551,9,499
2012,63,Other benthic cephalopods,0.0892067376337197,9,555
2012,43,Labridae and serranidae+,0.0945062988105439,9,420
2012,75,Purple sea urchin,0.246141552164581,8,423
2012,24,Other small pelagic fish,1.4166974037202,8,387
2012,73,Other commercial decapods,0.0116730294118694,9,316
2012,59,Torpedos,0.0154720834917387,9,482
2012,17,Horse mackerels,2.67007299468516,9,555
2012,45,Other commercial medium demersal fish,0.106070386611092,9,554
2013,74,Non-commercial decapods,0.141888945259412,9,572
2013,64,Bivalves,0.0109543891421252,8,450
2013,82,Other corals and gorgonians,0.00116519425952509,8,482
2013,61,Benthopelagic cephalopods,0.162897857685514,9,572
2013,78,Other macro-benthos,0.115334611592014,9,572
2013,44,Flatfishes,0.242934145975894,9,572
2013,65,Gastropods,0.00163282123042617,9,550
2013,53,No commercial small demersal fish,0.219569660859349,9,572
2013,35,Sparidae+,1.54708546016551,9,572
2013,40,Scorpaenidae+,0.197953577864873,9,572
2013,28,European conger,0.0210995146517094,9,496
2013,37,Common two-banded seabream,0.0238107870617913,7,175
2013,63,Other benthic cephalopods,0.108337686809006,9,572
2013,21,European anchovy juv.,3.89925836213852,8,381
2013,77,Sea cucumbers,0.0417440410430658,9,572
2013,29,European hake juv.,0.545221976066239,8,566
2013,50,Red mullet,0.104256912164318,8,505
2013,51,Surmullet,0.0333575000627841,8,493
2013,60,Coastal benthic cephalopods,0.283627749887088,9,340
2013,34,Common pandora,0.0944458475712905,8,333
2013,81,Red coral,0.00311696101917738,9,447
2013,86,Mediterranean seagrass,0.155054479889457,3,64
2013,75,Purple sea urchin,0.197445625155475,8,445
2013,19,European sardine adult,3.4835181789119,7,334
2013,23,Round sardinella,0.474156592260615,4,117
2013,16,Mackerels,0.157969923698398,5,210
2013,55,Small-spotted catshark,0.1793817158528,9,531
2013,43,Labridae and serranidae+,0.0696822466327997,9,394
2013,18,Other medium pelagic fishes,0.14596704635431,5,90
2013,24,Other small pelagic fish,3.680322844839,8,396
2013,73,Other commercial decapods,0.00731683409432637,9,297
2013,59,Torpedos,0.0242150707503695,8,368
2013,46,No commercial medium demersal fish,0.0573774787717416,9,499
2013,17,Horse mackerels,3.00223998260779,9,572
2014,82,Other corals and gorgonians,0.00179759787702139,7,379
2014,61,Benthopelagic cephalopods,0.178245623811702,9,593
2014,74,Non-commercial decapods,0.12409866521784,9,593
2014,78,Other macro-benthos,0.117160990563669,8,473
2014,44,Flatfishes,0.356862646177067,9,593
2014,65,Gastropods,0.00160107011456538,9,577
2014,35,Sparidae+,1.24800436113851,9,593
2014,53,No commercial small demersal fish,0.244270911853288,9,593
2014,46,No commercial medium demersal fish,0.105228326084245,9,475
2014,28,European conger,0.0136579465108747,9,489
2014,37,Common two-banded seabream,0.0861284483199406,6,153
2014,63,Other benthic cephalopods,0.0546581976511074,9,593
2014,79,Jellyfish,0.191548698327704,7,449
2014,89,Seaweeds,0.169755552762948,2,39
2014,40,Scorpaenidae+,0.202191047397225,9,593
2014,77,Sea cucumbers,0.0424820447638953,8,472
2014,27,Anglerfish,0.150670859073883,9,564
2014,29,European hake juv.,0.326288038430548,9,587
2014,50,Red mullet,0.17300088425486,8,486
2014,51,Surmullet,0.0302337980086277,8,506
2014,64,Bivalves,0.0322595676980762,9,468
2014,60,Coastal benthic cephalopods,0.157894277503828,9,469
2014,34,Common pandora,0.0942650423742363,8,416
2014,75,Purple sea urchin,0.235071672578724,8,473
2014,81,Red coral,0.00104235344452611,8,427
2014,86,Mediterranean seagrass,0.0658055208963528,2,106
2014,80,Salps and other gelatinous zooplankton,0.0719990355788136,7,326
2014,58,Rays and skates,0.546716201158814,9,585
2014,19,European sardine adult,2.70978284949964,8,353
2014,23,Round sardinella,0.27544914927204,5,154
2014,55,Small-spotted catshark,0.192470912093823,9,551
2014,43,Labridae and serranidae+,0.0782096117208034,9,378
2014,18,Other medium pelagic fishes,0.173251575010944,5,111
2014,24,Other small pelagic fish,3.11762424765694,8,413
2014,73,Other commercial decapods,0.00829974635798667,9,353
2014,59,Torpedos,0.0209607612933859,9,386
2014,17,Horse mackerels,5.92497771505589,9,592
2015,82,Other corals and gorgonians,0.00138936881146009,8,485
2015,61,Benthopelagic cephalopods,0.0835904429715415,9,601
2015,18,Other medium pelagic fishes,0.108762250988338,7,115
2015,74,Non-commercial decapods,0.125857825397259,9,600
2015,64,Bivalves,0.0306312429348531,9,372
2015,78,Other macro-benthos,0.0883190460811464,9,601
2015,44,Flatfishes,0.199590987778001,9,601
2015,53,No commercial small demersal fish,0.197403245491097,9,601
2015,35,Sparidae+,1.38422144518562,9,600
2015,28,European conger,0.0202227556245921,8,519
2015,46,No commercial medium demersal fish,0.080165559416701,8,422
2015,63,Other benthic cephalopods,0.071261741854245,9,601
2015,45,Other commercial medium demersal fish,0.104475210888956,9,600
2015,65,Gastropods,0.00235979289920142,9,565
2015,29,European hake juv.,0.316490151908406,9,594
2015,50,Red mullet,0.184046662795903,8,526
2015,51,Surmullet,0.0351360056417633,9,539
2015,79,Jellyfish,0.623511970482933,9,573
2015,60,Coastal benthic cephalopods,0.155624986594187,9,438
2015,34,Common pandora,0.0889366132989269,9,404
2015,77,Sea cucumbers,0.0280468823265138,8,538
2015,81,Red coral,0.00355358035050944,9,484
2015,75,Purple sea urchin,0.155895918080426,9,573
2015,58,Rays and skates,0.510721576786314,9,587
2015,19,European sardine adult,2.70261824893538,8,349
2015,40,Scorpaenidae+,0.173641043861109,9,601
2015,43,Labridae and serranidae+,0.0769947562635747,9,374
2015,73,Other commercial decapods,0.00531708021181861,9,426
2015,59,Torpedos,0.0102651111608005,9,464
2015,17,Horse mackerels,5.5635044251035,9,600
2016,61,Benthopelagic cephalopods,0.121895509854394,9,596
2016,82,Other corals and gorgonians,0.0009593637999682,6,447
2016,74,Non-commercial decapods,0.128300781268262,9,597
2016,64,Bivalves,0.0242363872405863,7,339
2016,78,Other macro-benthos,0.0741655308102851,7,513
2016,49,Transparent gobies,0.146922568730255,6,179
2016,44,Flatfishes,0.260082378899353,9,597
2016,53,No commercial small demersal fish,0.353070968167825,9,597
2016,35,Sparidae+,1.04012543490162,9,597
2016,65,Gastropods,0.00645640107144146,7,489
2016,46,No commercial medium demersal fish,0.063965348988228,9,532
2016,28,European conger,0.0158238584170082,9,524
2016,37,Common two-banded seabream,0.0143849987040315,8,167
2016,75,Purple sea urchin,0.131854323516704,7,513
2016,40,Scorpaenidae+,0.221015623361261,9,597
2016,26,No commercial meso (bathy) pelagic fishes,0.131117727228647,9,389
2016,29,European hake juv.,0.246535698805678,9,590
2016,50,Red mullet,0.131153986093203,8,544
2016,51,Surmullet,0.0281532675807796,8,512
2016,60,Coastal benthic cephalopods,0.154187175480345,9,437
2016,34,Common pandora,0.0868101414693387,8,435
2016,77,Sea cucumbers,0.0267384010669989,7,505
2016,79,Jellyfish,0.262616426970457,7,512
2016,81,Red coral,0.00307467158131318,7,459
2016,80,Salps and other gelatinous zooplankton,0.0580111944038338,5,249
2016,58,Rays and skates,0.467531560567696,9,566
2016,19,European sardine adult,2.47327442153358,9,333
2016,55,Small-spotted catshark,0.181667356853189,9,556
2016,43,Labridae and serranidae+,0.094301764684624,9,364
2016,24,Other small pelagic fish,2.98755146428923,8,482
2016,73,Other commercial decapods,0.0108283460759591,9,480
2016,59,Torpedos,0.0109266908181149,8,410
2016,17,Horse mackerels,7.07920263454103,9,597
2017,61,Benthopelagic cephalopods,0.119773403374038,9,606
2017,74,Non-commercial decapods,0.082205910692634,9,606
2017,82,Other corals and gorgonians,0.000847838228669558,7,434
2017,64,Bivalves,0.0237467784503792,6,322
2017,78,Other macro-benthos,0.0341446573549806,7,518
2017,44,Flatfishes,0.265190103379941,9,606
2017,53,No commercial small demersal fish,0.315059939520204,9,606
2017,35,Sparidae+,1.09863830765431,9,605
2017,46,No commercial medium demersal fish,0.0670243943644101,9,576
2017,26,No commercial meso (bathy) pelagic fishes,0.0618298946490994,9,425
2017,28,European conger,0.0117861701809146,9,543
2017,65,Gastropods,0.00166705204804307,7,494
2017,89,Seaweeds,0.0710667611369588,4,196
2017,37,Common two-banded seabream,0.0175543036295962,7,182
2017,21,European anchovy juv.,6.71695844832462,8,428
2017,77,Sea cucumbers,0.0174202586408838,7,518
2017,79,Jellyfish,0.164391670676258,7,516
2017,29,European hake juv.,0.236224872951331,8,598
2017,50,Red mullet,0.134708506769567,8,598
2017,51,Surmullet,0.143657413727372,8,454
2017,60,Coastal benthic cephalopods,0.234360432737926,9,519
2017,34,Common pandora,0.102456254235192,8,453
2017,75,Purple sea urchin,0.046211968888575,7,510
2017,81,Red coral,0.00196527769113557,7,419
2017,80,Salps and other gelatinous zooplankton,0.130936186978645,7,408
2017,19,European sardine adult,2.46427079350764,8,460
2017,16,Mackerels,0.659789152930174,7,362
2017,40,Scorpaenidae+,0.212550110020015,9,606
2017,63,Other benthic cephalopods,0.049174598684648,9,606
2017,43,Labridae and serranidae+,0.0784323146005602,9,491
2017,18,Other medium pelagic fishes,0.0883824596471288,7,151
2017,24,Other small pelagic fish,3.78897869820128,8,512
2017,73,Other commercial decapods,0.0103150192026896,8,415
2017,59,Torpedos,0.0141810635161832,8,523
2017,17,Horse mackerels,7.26316489040941,9,605
2018,61,Benthopelagic cephalopods,0.15098035874088,9,591
2018,82,Other corals and gorgonians,0.000653777067396148,7,448
2018,74,Non-commercial decapods,0.138306091823924,9,591
2018,64,Bivalves,0.0731407836989472,7,407
2018,78,Other macro-benthos,0.0293423804905861,7,504
2018,49,Transparent gobies,0.0216034887942836,4,112
2018,44,Flatfishes,0.219820105012064,9,591
2018,65,Gastropods,0.00179085786665481,7,504
2018,53,No commercial small demersal fish,0.35717473837185,9,591
2018,35,Sparidae+,7.16447720226192,9,591
2018,46,No commercial medium demersal fish,0.0475688539489154,9,531
2018,28,European conger,0.0211687450604983,9,539
2018,77,Sea cucumbers,0.0307708014323801,7,504
2018,27,Anglerfish,0.118475726214893,9,560
2018,29,European hake juv.,0.315173747859824,8,583
2018,50,Red mullet,0.158172795197479,8,484
2018,51,Surmullet,0.0522532167027247,9,540
2018,79,Jellyfish,0.394914601970522,7,446
2018,60,Coastal benthic cephalopods,0.144644666083293,9,544
2018,81,Red coral,0.00378320890350846,7,478
2018,58,Rays and skates,0.294823109186001,9,591
2018,80,Salps and other gelatinous zooplankton,0.0744527370038534,6,310
2018,19,European sardine adult,1.62905770784997,8,371
2018,16,Mackerels,0.121282916508754,7,358
2018,40,Scorpaenidae+,0.237965197224697,9,591
2018,55,Small-spotted catshark,0.126720046755778,9,550
2018,63,Other benthic cephalopods,0.0580127374026212,9,591
2018,43,Labridae and serranidae+,0.0804422767663113,9,408
2018,18,Other medium pelagic fishes,0.0195818201018511,5,136
2018,73,Other commercial decapods,0.00863249744922857,8,377
2018,59,Torpedos,0.021337273480197,9,403
2018,17,Horse mackerels,5.01136407510154,9,591
2019,64,Bivalves,0.0300531860632044,7,341
2019,74,Non-commercial decapods,0.116415560298124,9,607
2019,82,Other corals and gorgonians,0.00125239270959456,7,431
2019,61,Benthopelagic cephalopods,0.190431540619643,9,607
2019,78,Other macro-benthos,0.0414798126939255,7,515
2019,65,Gastropods,0.00502635716677057,7,515
2019,44,Flatfishes,0.211626128334087,9,607
2019,53,No commercial small demersal fish,0.314850573944082,9,607
2019,35,Sparidae+,1.50653437202071,9,607
2019,81,Red coral,0.00177256669054976,6,488
2019,46,No commercial medium demersal fish,0.0436757973581311,9,563
2019,40,Scorpaenidae+,0.199985908347989,9,607
2019,28,European conger,0.0144175216520872,9,506
2019,89,Seaweeds,0.032873021458338,5,183
2019,37,Common two-banded seabream,0.0144930861057164,7,150
2019,63,Other benthic cephalopods,0.0600366046883025,9,607
2019,21,European anchovy juv.,4.71324589626223,8,421
2019,77,Sea cucumbers,0.0167329128764023,7,508
2019,27,Anglerfish,0.131953761681679,9,606
2019,29,European hake juv.,0.384850784208479,9,607
2019,50,Red mullet,0.19527460261301,8,575
2019,51,Surmullet,0.0624367876277373,9,540
2019,79,Jellyfish,0.603886550335171,6,494
2019,60,Coastal benthic cephalopods,0.192462630137349,9,456
2019,34,Common pandora,0.10895551364039,9,430
2019,75,Purple sea urchin,0.104401997563695,7,515
2019,58,Rays and skates,0.342429356314139,9,607
2019,19,European sardine adult,1.64745825018991,8,392
2019,23,Round sardinella,0.499497500209849,6,189
2019,16,Mackerels,0.475415627832798,6,324
2019,55,Small-spotted catshark,0.133674732213792,9,565
2019,43,Labridae and serranidae+,0.0541169213091521,9,489
2019,18,Other medium pelagic fishes,0.0945042552651617,6,188
2019,73,Other commercial decapods,0.00522945542954553,8,272
2019,59,Torpedos,0.0153677576667507,8,444
2019,17,Horse mackerels,10.9437787324499,9,607
2021,61,Benthopelagic cephalopods,0.316602634613731,9,647
2021,64,Bivalves,0.0348574851974612,6,288
2021,82,Other corals and gorgonians,0.000446327471171684,6,469
2021,74,Non-commercial decapods,1.209094162446,9,625
2021,62,Mesopelagic cephalopods,0.00509706528164875,9,355
2021,78,Other macro-benthos,0.0402649863051455,7,559
2021,49,Transparent gobies,0.0317622101835212,5,160
2021,65,Gastropods,0.000821922235347567,7,527
2021,44,Flatfishes,0.222248737828135,9,625
2021,53,No commercial small demersal fish,0.361275209958019,9,646
2021,35,Sparidae+,1.53296909527195,9,646
2021,81,Red coral,0.00114209722169277,7,530
2021,46,No commercial medium demersal fish,0.054391445133716,9,556
2021,28,European conger,0.0190050697332343,7,491
2021,37,Common two-banded seabream,0.0139930756516036,7,226
2021,21,European anchovy juv.,4.74563188806331,7,372
2021,26,No commercial meso (bathy) pelagic fishes,0.0675127163265136,9,409
2021,77,Sea cucumbers,0.008897113405673,7,514
2021,40,Scorpaenidae+,0.197662307639449,9,647
2021,29,European hake juv.,0.326148822984436,8,638
2021,50,Red mullet,0.204218414767345,8,561
2021,51,Surmullet,0.0553244514329806,8,563
2021,58,Rays and skates,0.579850581812364,9,624
2021,79,Jellyfish,0.121271995071836,7,543
2021,60,Coastal benthic cephalopods,0.146549308669955,9,479
2021,34,Common pandora,0.117468766980684,8,422
2021,86,Mediterranean seagrass,0.0279138290995016,4,215
2021,75,Purple sea urchin,0.0855269049663431,7,536
2021,80,Salps and other gelatinous zooplankton,0.0235837473884555,7,451
2021,23,Round sardinella,0.111140842743168,6,155
2021,16,Mackerels,0.238955248656347,7,474
2021,55,Small-spotted catshark,0.138848045935298,9,617
2021,43,Labridae and serranidae+,0.0520403090146941,9,504
2021,24,Other small pelagic fish,3.00781175059941,9,502
2021,73,Other commercial decapods,0.00982843116672896,8,325
2021,17,Horse mackerels,6.36090805019969,9,647
1994,26,No commercial meso (bathy) pelagic fishes,0.167643831592217,7,289
1994,33,Blue whiting,0.291237729328832,7,364
1994,12,Non-commercial large pelagic fishes,1.27157471698909,1,5
1994,57,Other small demersal sharks,0.018480500892904,7,322
1994,39,Red scorpionfish,0.00642236943073284,6,263
1994,59,Torpedos,0.0147015660383208,7,423
1995,46,No commercial medium demersal fish,0.0679881557047565,8,450
1995,37,Common two-banded seabream,0.0341769545317534,3,55
1995,45,Other commercial medium demersal fish,0.0960164277385787,8,539
1995,25,Benthopelagic fishes,0.143569776418823,8,440
1995,27,Anglerfish,0.167239496930121,8,539
1995,51,Surmullet,0.0560583702471618,8,526
1995,34,Common pandora,0.0380715004461251,7,287
1995,72,European lobster,0.0231513796599981,5,168
1995,66,Deep-water rose shrimp,0.0101817220049302,7,408
1995,77,Sea cucumbers,0.00791335639499401,4,142
1995,58,Rays and skates,0.354666218169183,8,518
1995,16,Mackerels,0.134414794240184,5,153
1995,39,Red scorpionfish,0.00803214001902477,7,199
1995,24,Other small pelagic fish,0.752881287205932,8,406
1996,45,Other commercial medium demersal fish,0.0919448759734012,8,549
1996,25,Benthopelagic fishes,0.180186176363031,8,476
1996,78,Other macro-benthos,0.00176623947289424,2,17
1996,75,Purple sea urchin,8.44544663744542e-06,1,5
1996,19,European sardine adult,3.14604546889849,7,443
1997,18,Other medium pelagic fishes,0.149524452877984,6,139
1997,28,European conger,0.0266442878432902,7,512
1997,45,Other commercial medium demersal fish,0.123143279940341,8,545
1997,33,Blue whiting,0.592522247643155,8,367
1997,66,Deep-water rose shrimp,0.0199411822953941,8,380
1997,58,Rays and skates,0.229414190853842,8,496
1997,39,Red scorpionfish,0.00710752332807228,5,222
1997,55,Small-spotted catshark,0.0950193664838469,8,448
1998,21,European anchovy juv.,1.67488366842516,7,291
1998,26,No commercial meso (bathy) pelagic fishes,0.124257640140185,8,318
1998,12,Non-commercial large pelagic fishes,0.731589290398229,2,32
1998,34,Common pandora,0.0396557457432909,7,387
1998,66,Deep-water rose shrimp,0.0355297461347521,8,408
1998,79,Jellyfish,0.000357947664043217,2,40
1998,19,European sardine adult,2.56797145972902,7,364
1998,16,Mackerels,0.153162733220269,4,183
1999,37,Common two-banded seabream,0.0214730877663842,6,136
1999,25,Benthopelagic fishes,0.20767025970814,8,453
1999,26,No commercial meso (bathy) pelagic fishes,0.142053121443706,8,401
1999,51,Surmullet,0.0444728315755105,8,535
1999,34,Common pandora,0.0642685296923011,7,387
1999,72,European lobster,0.0116954369778256,5,159
1999,66,Deep-water rose shrimp,0.0524890544671847,8,460
1999,77,Sea cucumbers,0.00428018138397878,3,243
1999,39,Red scorpionfish,0.0200421456613669,7,285
1999,55,Small-spotted catshark,0.0767530600680768,8,482
1999,45,Other commercial medium demersal fish,0.117640770551695,8,560
2000,28,European conger,0.0309581137245674,7,530
2000,25,Benthopelagic fishes,0.186444463920953,7,468
2000,27,Anglerfish,0.145136092620335,7,530
2000,51,Surmullet,0.0307329332584733,7,442
2000,26,No commercial meso (bathy) pelagic fishes,0.175163724862942,7,336
2000,66,Deep-water rose shrimp,0.0403855893551001,7,428
2000,77,Sea cucumbers,0.00525756464648669,3,169
2000,59,Torpedos,0.00642600968215293,6,400
2001,62,Mesopelagic cephalopods,0.0061362119949151,7,263
2001,25,Benthopelagic fishes,0.209941999141956,8,521
2001,27,Anglerfish,0.156151764352067,8,536
2001,26,No commercial meso (bathy) pelagic fishes,0.201491529754342,8,395
2001,66,Deep-water rose shrimp,0.0403332230163261,8,430
2001,19,European sardine adult,1.33804812323616,8,310
2001,57,Other small demersal sharks,0.0184602053668028,8,333
2002,21,European anchovy juv.,3.33387637678803,6,316
2002,26,No commercial meso (bathy) pelagic fishes,0.160541294323264,7,318
2002,25,Benthopelagic fishes,0.163958898649903,7,405
2002,66,Deep-water rose shrimp,0.0261158167229339,7,375
2002,16,Mackerels,0.314852460312169,5,195
2003,64,Bivalves,0.0030250563945829,4,151
2003,49,Transparent gobies,0.00731331178313038,4,224
2003,25,Benthopelagic fishes,0.173887532725315,7,426
2003,27,Anglerfish,0.105385556338682,7,516
2003,77,Sea cucumbers,0.00290464478328376,4,206
2004,12,Non-commercial large pelagic fishes,1.45364078873176,1,8
2004,66,Deep-water rose shrimp,0.0301834882639041,8,426
2004,32,Poor cod,0.110469690322322,6,378
2005,49,Transparent gobies,0.0338424222952541,5,130
2005,21,European anchovy juv.,1.78535645217873,7,269
2005,26,No commercial meso (bathy) pelagic fishes,0.178712703314356,8,304
2005,64,Bivalves,0.0161999335904067,4,173
2005,18,Other medium pelagic fishes,0.0819145183374825,6,177
2005,59,Torpedos,0.00961114547127791,7,340
2006,49,Transparent gobies,0.0313991908629774,4,121
2006,26,No commercial meso (bathy) pelagic fishes,0.304448229169066,9,332
2006,27,Anglerfish,0.159988175513409,9,498
2006,33,Blue whiting,1.04471100715744,9,365
2006,66,Deep-water rose shrimp,0.0448406795906132,9,413
2007,21,European anchovy juv.,0.699124889289972,7,297
2007,26,No commercial meso (bathy) pelagic fishes,0.193818293723367,9,294
2007,12,Non-commercial large pelagic fishes,2.77348902402408,2,12
2007,57,Other small demersal sharks,0.0280777221575886,9,350
2007,23,Round sardinella,0.522701220611059,6,114
2007,18,Other medium pelagic fishes,0.164918622861514,5,150
2007,59,Torpedos,0.0129171883672306,8,355
2007,32,Poor cod,0.155827003469359,7,426
2008,49,Transparent gobies,0.00435963553368286,5,112
2008,21,European anchovy juv.,1.33231056777229,8,269
2008,45,Other commercial medium demersal fish,0.10115693476907,9,529
2008,25,Benthopelagic fishes,0.115475424408896,9,393
2008,66,Deep-water rose shrimp,0.030182415366807,9,354
2008,26,No commercial meso (bathy) pelagic fishes,0.0893461308733775,9,396
2009,64,Bivalves,0.00503321673242833,6,241
2009,21,European anchovy juv.,2.32874446598172,6,260
2009,25,Benthopelagic fishes,0.142741184535586,9,363
2009,57,Other small demersal sharks,0.0227396042568128,9,291
2009,58,Rays and skates,0.385302540766517,9,524
2009,16,Mackerels,0.146380298809807,6,230
2009,32,Poor cod,0.0835289298826163,7,408
2010,62,Mesopelagic cephalopods,0.00427111182565128,7,235
2010,21,European anchovy juv.,1.86752596087572,7,310
2010,25,Benthopelagic fishes,0.158814372207396,8,370
2010,27,Anglerfish,0.173345492805946,8,491
2010,33,Blue whiting,0.294818581169068,8,343
2010,58,Rays and skates,0.424481992984928,8,462
2010,19,European sardine adult,2.42080003645781,8,294
2010,16,Mackerels,0.390141453243948,4,84
2010,45,Other commercial medium demersal fish,0.117668904224187,8,483
2011,49,Transparent gobies,0.0447120217463465,5,139
2011,38,Common dentex,0.0491760683491549,4,57
2011,45,Other commercial medium demersal fish,0.106620643540201,9,533
2011,27,Anglerfish,0.155472806098402,9,530
2011,66,Deep-water rose shrimp,0.0505163320882788,9,434
2011,19,European sardine adult,3.93070684928198,8,316
2011,55,Small-spotted catshark,0.171051780695146,9,503
2011,59,Torpedos,0.00881796437158664,9,346
2012,62,Mesopelagic cephalopods,0.00585990458275325,9,239
2012,26,No commercial meso (bathy) pelagic fishes,0.127814052814359,9,324
2012,89,Seaweeds,0.134961246320452,2,44
2012,27,Anglerfish,0.14752225153846,9,545
2012,79,Jellyfish,0.100174607197697,5,216
2012,51,Surmullet,0.0517281443737978,8,493
2012,66,Deep-water rose shrimp,0.069356678287833,9,405
2013,27,Anglerfish,0.183424324803725,9,526
2013,66,Deep-water rose shrimp,0.0663358942712576,9,425
2013,45,Other commercial medium demersal fish,0.123523930344614,9,569
2013,80,Salps and other gelatinous zooplankton,0.0142798571184069,5,194
2013,39,Red scorpionfish,0.0148336690239911,7,272
2013,32,Poor cod,0.163951956119214,8,397
2014,62,Mesopelagic cephalopods,0.00530914319779504,8,320
2014,26,No commercial meso (bathy) pelagic fishes,0.19792697592535,9,353
2014,21,European anchovy juv.,3.90579955131419,8,420
2014,45,Other commercial medium demersal fish,0.096210094558574,9,576
2014,25,Benthopelagic fishes,0.150479593810139,9,458
2014,66,Deep-water rose shrimp,0.037505256024885,9,478
2014,16,Mackerels,0.138601988745496,7,312
2014,39,Red scorpionfish,0.0230280744984364,7,332
2014,32,Poor cod,0.1066126017443,8,420
2015,62,Mesopelagic cephalopods,0.0059702889797537,9,265
2015,37,Common two-banded seabream,0.0506712539854701,7,151
2015,21,European anchovy juv.,4.60230919508706,8,417
2015,54,Bathydemersal (deep sea) fish,0.262169589662739,9,528
2015,25,Benthopelagic fishes,0.181615098358511,9,446
2015,27,Anglerfish,0.159214493015295,9,576
2015,66,Deep-water rose shrimp,0.0510489582879975,9,472
2015,23,Round sardinella,0.0862568850283539,5,139
2015,16,Mackerels,0.480427761654365,6,262
2015,55,Small-spotted catshark,0.167995200061514,9,557
2015,24,Other small pelagic fish,1.45478510013314,8,475
2016,63,Other benthic cephalopods,0.0570338163388042,9,595
2016,21,European anchovy juv.,6.61911567269191,8,405
2016,56,Blackmouth catshark,0.306248249055998,9,288
2016,27,Anglerfish,0.149856049803668,9,568
2016,18,Other medium pelagic fishes,0.148295396056237,6,142
2016,57,Other small demersal sharks,0.0175691960813534,9,402
2016,45,Other commercial medium demersal fish,0.0934004346597272,9,581
2017,45,Other commercial medium demersal fish,0.115159082178665,9,591
2017,25,Benthopelagic fishes,0.0861637526831537,9,428
2017,27,Anglerfish,0.132151818953408,9,554
2017,57,Other small demersal sharks,0.01276518227808,9,403
2017,66,Deep-water rose shrimp,0.0537536260810777,9,530
2017,86,Mediterranean seagrass,0.0428139070545045,4,174
2017,58,Rays and skates,0.495231258055117,9,603
2017,55,Small-spotted catshark,0.189991378438144,9,562
2018,62,Mesopelagic cephalopods,0.00664507096831559,9,292
2018,26,No commercial meso (bathy) pelagic fishes,0.0859899315689057,9,402
2018,75,Purple sea urchin,0.0821841751453085,7,494
2018,21,European anchovy juv.,4.95677237375514,8,442
2018,89,Seaweeds,0.0136568722297134,4,162
2018,34,Common pandora,0.0916334543601307,8,442
2018,66,Deep-water rose shrimp,0.0949254531104939,9,483
2018,86,Mediterranean seagrass,0.00323810325067069,5,246
2018,23,Round sardinella,0.227742677177947,6,180
2018,39,Red scorpionfish,0.0192725610782145,8,267
2018,25,Benthopelagic fishes,0.155055579169455,9,419
2018,24,Other small pelagic fish,2.28637138702078,8,463
2018,45,Other commercial medium demersal fish,0.091722235643334,9,572
2019,26,No commercial meso (bathy) pelagic fishes,0.09592456666105,9,322
2019,66,Deep-water rose shrimp,0.0683610550143866,9,499
2019,86,Mediterranean seagrass,0.159637678243715,5,253
2019,80,Salps and other gelatinous zooplankton,0.0256731954868147,7,403
2019,24,Other small pelagic fish,2.40559706546898,8,454
2019,32,Poor cod,0.0699653331468362,8,417
2019,45,Other commercial medium demersal fish,0.0887859659903845,9,604
2021,63,Other benthic cephalopods,0.0361198612202206,9,645
2021,45,Other commercial medium demersal fish,0.0784290652765501,9,644
2021,25,Benthopelagic fishes,0.100261863817145,9,466
2021,27,Anglerfish,0.108894772212583,9,602
2021,66,Deep-water rose shrimp,0.0788473138968082,9,552
2021,19,European sardine adult,6.20654806526744,9,406
2021,18,Other medium pelagic fishes,0.0498442489874787,5,146
2021,59,Torpedos,0.0156306441505524,9,476
2021,32,Poor cod,0.0654811006028496,8,451
1994,54,Bathydemersal (deep sea) fish,0.522668654063095,7,413
1994,25,Benthopelagic fishes,0.260001571398354,7,375
1995,26,No commercial meso (bathy) pelagic fishes,0.187701202401758,8,310
1995,54,Bathydemersal (deep sea) fish,0.327199152326299,8,459
1995,33,Blue whiting,0.393970599197991,8,358
1996,26,No commercial meso (bathy) pelagic fishes,0.25279418613767,8,333
1996,33,Blue whiting,0.961481957940412,8,343
1996,66,Deep-water rose shrimp,0.00953215355707114,8,380
1996,59,Torpedos,0.0134454717851493,8,367
1997,54,Bathydemersal (deep sea) fish,0.324241033498674,8,419
1997,26,No commercial meso (bathy) pelagic fishes,0.13904115419952,8,353
1997,32,Poor cod,0.119764823758796,6,408
1998,25,Benthopelagic fishes,0.118209321658979,8,439
1998,33,Blue whiting,0.0817432937806203,8,334
1998,39,Red scorpionfish,0.00809919337964302,6,289
1998,32,Poor cod,0.072750707383738,6,418
1999,58,Rays and skates,0.288573565139187,8,490
1999,59,Torpedos,0.00513222197021673,6,375
1999,32,Poor cod,0.154872860057472,6,407
2000,57,Other small demersal sharks,0.0210821766229723,7,316
2000,33,Blue whiting,0.51603029614023,7,335
2001,54,Bathydemersal (deep sea) fish,0.371055289206339,8,462
2001,33,Blue whiting,0.424588941924762,8,353
2002,54,Bathydemersal (deep sea) fish,0.137494736831646,7,357
2002,33,Blue whiting,0.488737040897308,7,293
2003,26,No commercial meso (bathy) pelagic fishes,0.163756013881512,7,376
2003,54,Bathydemersal (deep sea) fish,0.561936652256452,7,398
2003,33,Blue whiting,0.305271061462115,7,357
2003,66,Deep-water rose shrimp,0.028016655256982,7,384
2004,26,No commercial meso (bathy) pelagic fishes,0.136981498091502,8,352
2004,54,Bathydemersal (deep sea) fish,0.214191580102941,8,396
2004,25,Benthopelagic fishes,0.115542789256612,8,417
2004,33,Blue whiting,0.759851668687619,8,378
2004,31,Other commercial large demersal fish,0.00386072485250916,8,266
2005,25,Benthopelagic fishes,0.170942643367867,8,385
2005,54,Bathydemersal (deep sea) fish,0.462618508882175,8,419
2005,33,Blue whiting,1.3438667648461,8,369
2005,66,Deep-water rose shrimp,0.0397611740235381,8,320
2005,32,Poor cod,0.224167645616698,6,391
2006,62,Mesopelagic cephalopods,0.00308222082628689,9,230
2006,25,Benthopelagic fishes,0.174492130428546,9,447
2006,54,Bathydemersal (deep sea) fish,0.47310717506261,9,459
2007,33,Blue whiting,0.612471163825575,9,278
2007,31,Other commercial large demersal fish,0.00401704644803666,8,238
2007,71,Norway lobster,0.0777758226553971,9,362
2007,66,Deep-water rose shrimp,0.0171911318707642,9,376
2008,54,Bathydemersal (deep sea) fish,0.33018135079991,9,424
2008,58,Rays and skates,0.574387224026952,9,516
2008,32,Poor cod,0.105157150062247,8,407
2009,26,No commercial meso (bathy) pelagic fishes,0.180516104759051,9,385
2009,54,Bathydemersal (deep sea) fish,0.412586302950083,9,439
2009,33,Blue whiting,0.368650760866085,9,374
2009,71,Norway lobster,0.113796448718335,9,333
2009,66,Deep-water rose shrimp,0.0387834953029367,9,438
2010,26,No commercial meso (bathy) pelagic fishes,0.184297185563225,8,271
2010,54,Bathydemersal (deep sea) fish,0.608849095459116,8,410
2010,66,Deep-water rose shrimp,0.0692817716220927,8,383
2011,54,Bathydemersal (deep sea) fish,0.721213569381033,9,422
2011,26,No commercial meso (bathy) pelagic fishes,0.165158755578815,9,303
2011,25,Benthopelagic fishes,0.152794511451565,9,358
2011,33,Blue whiting,0.197414721315214,9,396
2011,12,Non-commercial large pelagic fishes,1.22087333901481,1,4
2011,31,Other commercial large demersal fish,0.00490496086588449,8,253
2011,32,Poor cod,0.0953070481036906,7,431
2012,54,Bathydemersal (deep sea) fish,0.326697281168296,9,510
2012,56,Blackmouth catshark,0.340631769584911,9,273
2012,25,Benthopelagic fishes,0.14610220185659,9,369
2012,33,Blue whiting,0.113593295578868,9,323
2012,32,Poor cod,0.108529070022111,7,411
2013,26,No commercial meso (bathy) pelagic fishes,0.240631565209696,9,338
2013,54,Bathydemersal (deep sea) fish,0.712818709658404,9,465
2013,25,Benthopelagic fishes,0.158122418086936,9,401
2013,33,Blue whiting,0.138091213099715,9,417
2014,54,Bathydemersal (deep sea) fish,0.384241113024682,9,523
2014,33,Blue whiting,0.133706207656147,9,387
2014,71,Norway lobster,0.0741115169066374,9,339
2015,49,Transparent gobies,0.0954992608673218,6,174
2015,26,No commercial meso (bathy) pelagic fishes,0.128205626838994,9,371
2015,33,Blue whiting,0.17108112726228,8,321
2015,80,Salps and other gelatinous zooplankton,0.0433143491619413,5,211
2016,54,Bathydemersal (deep sea) fish,0.456256527582165,9,466
2016,25,Benthopelagic fishes,0.108545139799051,9,387
2016,33,Blue whiting,0.0813440171762131,8,398
2016,66,Deep-water rose shrimp,0.0749443593248511,9,480
2016,39,Red scorpionfish,0.0213474849347783,6,267
2017,56,Blackmouth catshark,0.247097115309556,9,293
2017,54,Bathydemersal (deep sea) fish,0.43008630520951,9,515
2017,62,Mesopelagic cephalopods,0.00449435868516784,9,293
2018,54,Bathydemersal (deep sea) fish,0.760909040353181,9,493
2018,57,Other small demersal sharks,0.0193099051629966,9,407
2019,54,Bathydemersal (deep sea) fish,0.711564399327366,9,481
2019,25,Benthopelagic fishes,0.450242590242103,9,390
2019,56,Blackmouth catshark,0.158478291436171,9,313
2019,71,Norway lobster,0.0752907379723412,9,375
2021,54,Bathydemersal (deep sea) fish,0.339709356656675,9,481
2021,33,Blue whiting,0.414426215436452,7,382
2021,57,Other small demersal sharks,0.0175905074186334,9,507
2021,85,Suprabenthos,9.35944937269956e-05,4,158
1994,62,Mesopelagic cephalopods,0.00208696034987868,7,260
1994,67,Blue and red shrimp,0.0393394508191203,6,297
1994,56,Blackmouth catshark,0.186341225793693,7,244
1994,71,Norway lobster,0.053684339748477,7,318
1994,66,Deep-water rose shrimp,0.00918344805542249,7,414
1994,77,Sea cucumbers,0.00239317598753487,1,14
1995,62,Mesopelagic cephalopods,0.0045244274876936,8,296
1995,67,Blue and red shrimp,0.0282582410292912,7,228
1995,57,Other small demersal sharks,0.0196691072247639,8,329
1995,56,Blackmouth catshark,0.263988999821674,8,241
1995,71,Norway lobster,0.0610343044349888,8,353
1996,54,Bathydemersal (deep sea) fish,0.396485957645822,8,450
1996,62,Mesopelagic cephalopods,0.00443935257723683,7,246
1996,67,Blue and red shrimp,0.0336228995394152,8,243
1996,57,Other small demersal sharks,0.0225320408178392,8,326
1996,56,Blackmouth catshark,0.262591251350062,8,283
1996,31,Other commercial large demersal fish,0.00552540618128332,8,301
1996,71,Norway lobster,0.0778579276452431,8,358
1997,62,Mesopelagic cephalopods,0.00776723233802951,7,225
1997,67,Blue and red shrimp,0.0420728300224365,7,227
1997,57,Other small demersal sharks,0.0247596368173961,8,352
1997,56,Blackmouth catshark,0.509372977031689,8,237
1997,31,Other commercial large demersal fish,0.00464877352968485,8,272
1997,71,Norway lobster,0.070094080919262,8,325
1998,54,Bathydemersal (deep sea) fish,0.149621227468275,8,450
1998,62,Mesopelagic cephalopods,0.00733792183024264,8,229
1998,67,Blue and red shrimp,0.0387665037909339,7,216
1998,57,Other small demersal sharks,0.0257827955518854,8,371
1998,56,Blackmouth catshark,0.287669715995927,8,239
1998,71,Norway lobster,0.0728660755101958,8,354
1998,73,Other commercial decapods,0.00871105586954197,7,413
1999,54,Bathydemersal (deep sea) fish,0.222984833498438,8,465
1999,62,Mesopelagic cephalopods,0.00346085474533774,7,250
1999,67,Blue and red shrimp,0.0393655157658612,7,231
1999,57,Other small demersal sharks,0.0206046858563625,8,363
1999,11,Pelagic sharks,0.00827733343515757,1,23
1999,56,Blackmouth catshark,0.258255239828105,8,284
1999,33,Blue whiting,0.631413479455937,8,388
1999,71,Norway lobster,0.0678761379153956,8,358
1999,16,Mackerels,0.0637187913397231,7,197
2000,54,Bathydemersal (deep sea) fish,0.509620779260705,7,474
2000,62,Mesopelagic cephalopods,0.00417878339892583,5,234
2000,67,Blue and red shrimp,0.0489043016244629,7,242
2000,56,Blackmouth catshark,0.247459140237744,7,271
2000,71,Norway lobster,0.0902884634718164,7,361
2001,67,Blue and red shrimp,0.0476567973545343,7,240
2001,11,Pelagic sharks,0.0232843018707558,2,73
2001,56,Blackmouth catshark,0.260376161420188,8,315
2001,31,Other commercial large demersal fish,0.0065463369873107,8,271
2001,71,Norway lobster,0.118017542459836,8,370
2002,62,Mesopelagic cephalopods,0.00289274467234848,7,229
2002,67,Blue and red shrimp,0.0485314497197495,7,195
2002,57,Other small demersal sharks,0.0159661428942665,7,307
2002,56,Blackmouth catshark,0.378590493877454,7,195
2002,71,Norway lobster,0.0902489236963245,7,326
2003,62,Mesopelagic cephalopods,0.00306986922300298,7,234
2003,67,Blue and red shrimp,0.0324594000991356,7,214
2003,56,Blackmouth catshark,0.290348599159699,7,250
2003,12,Non-commercial large pelagic fishes,0.441753805398251,2,69
2003,71,Norway lobster,0.134279171478477,7,272
2004,62,Mesopelagic cephalopods,0.00703016248502634,8,230
2004,67,Blue and red shrimp,0.0341441199153686,7,202
2004,57,Other small demersal sharks,0.0262932241468434,8,273
2004,11,Pelagic sharks,0.114950096936934,1,26
2004,56,Blackmouth catshark,0.315172787964382,8,238
2005,62,Mesopelagic cephalopods,0.00432276635274,7,205
2005,67,Blue and red shrimp,0.0232308378376137,8,204
2005,57,Other small demersal sharks,0.0203221343559706,8,258
2005,11,Pelagic sharks,0.0261154396447882,1,22
2005,56,Blackmouth catshark,0.307559090029715,8,270
2005,31,Other commercial large demersal fish,0.00431295780009908,8,221
2005,71,Norway lobster,0.08876478264752,8,313
2005,73,Other commercial decapods,0.00804595043644139,7,286
2006,67,Blue and red shrimp,0.0368042011460944,7,207
2006,57,Other small demersal sharks,0.0210956419452286,9,279
2006,11,Pelagic sharks,0.0181423019803173,1,26
2006,56,Blackmouth catshark,0.523163604930211,9,224
2006,71,Norway lobster,0.0967306304088379,9,337
2007,62,Mesopelagic cephalopods,0.00710006279461204,8,236
2007,67,Blue and red shrimp,0.0274501058256399,8,211
2007,11,Pelagic sharks,0.14517063085004,1,20
2007,56,Blackmouth catshark,0.434247904831379,9,247
2008,85,Suprabenthos,0.000297599113679,3,79
2008,62,Mesopelagic cephalopods,0.00819429787235097,7,218
2008,67,Blue and red shrimp,0.0457335951034382,8,208
2008,57,Other small demersal sharks,0.0176611176244178,9,314
2008,11,Pelagic sharks,0.240840086018505,1,18
2008,56,Blackmouth catshark,0.293327851346779,9,243
2008,33,Blue whiting,0.265231930716208,9,355
2008,31,Other commercial large demersal fish,0.00494488461844791,9,269
2008,71,Norway lobster,0.0982095840082507,9,326
2008,73,Other commercial decapods,0.00478422362614345,7,266
2009,62,Mesopelagic cephalopods,0.00269231189176307,7,197
2009,67,Blue and red shrimp,0.0356895918361881,8,208
2009,11,Pelagic sharks,0.0757341673841026,1,16
2009,56,Blackmouth catshark,0.332001245600013,9,221
2009,31,Other commercial large demersal fish,0.00795646627045691,8,246
2010,67,Blue and red shrimp,0.0479503262005634,7,188
2010,11,Pelagic sharks,0.191670020892032,1,12
2010,56,Blackmouth catshark,0.43734257744883,8,211
2010,71,Norway lobster,0.0858296497833671,8,300
2010,85,Suprabenthos,0.000219661488563942,3,45
2011,67,Blue and red shrimp,0.0419620606242482,9,224
2011,57,Other small demersal sharks,0.0204939113130547,9,356
2011,56,Blackmouth catshark,0.398201899035012,9,259
2011,71,Norway lobster,0.0744917145722732,9,320
2012,67,Blue and red shrimp,0.044938816348401,8,207
2012,57,Other small demersal sharks,0.0240994982374138,9,317
2012,71,Norway lobster,0.0795728568306805,9,322
2012,85,Suprabenthos,0.00027203110734347,3,70
2013,62,Mesopelagic cephalopods,0.00660723287612837,9,317
2013,67,Blue and red shrimp,0.0415460530260495,8,214
2013,57,Other small demersal sharks,0.0188808084764485,9,446
2013,11,Pelagic sharks,0.238894032592649,1,20
2013,56,Blackmouth catshark,0.392932129845813,9,276
2013,58,Rays and skates,0.372378977697311,9,553
2013,31,Other commercial large demersal fish,0.00384454489456741,8,246
2013,71,Norway lobster,0.065955537086113,9,349
2014,67,Blue and red shrimp,0.0447410058633759,8,225
2014,57,Other small demersal sharks,0.0215781598058464,9,366
2014,11,Pelagic sharks,0.138351700005132,1,28
2014,56,Blackmouth catshark,0.394431282773879,9,249
2014,31,Other commercial large demersal fish,0.00601748018204813,7,234
2014,85,Suprabenthos,0.000673615802167149,4,147
2015,85,Suprabenthos,7.43962353174426e-05,3,164
2015,67,Blue and red shrimp,0.0311566257406223,8,237
2015,57,Other small demersal sharks,0.0256148962435052,9,362
2015,11,Pelagic sharks,0.0175570905517243,1,34
2015,56,Blackmouth catshark,0.283302982693065,9,262
2015,31,Other commercial large demersal fish,0.0037040805668208,8,282
2015,71,Norway lobster,0.0651373906074986,9,428
2016,62,Mesopelagic cephalopods,0.00559052355013523,8,290
2016,67,Blue and red shrimp,0.0471580852232918,8,233
2016,11,Pelagic sharks,0.668058934582911,2,35
2016,31,Other commercial large demersal fish,0.0039578373489113,8,302
2016,71,Norway lobster,0.0682082442784034,9,405
2016,85,Suprabenthos,0.000199564836979585,5,169
2016,16,Mackerels,0.198851763929491,7,261
2017,67,Blue and red shrimp,0.0257297359708745,8,270
2017,11,Pelagic sharks,0.074861595324308,3,61
2017,33,Blue whiting,0.0886862774903302,9,304
2017,71,Norway lobster,0.0566004681526761,9,391
2017,14,Swordfish,0.347581406132679,1,35
2018,68,Giant red shrimp,0.0572998410717266,7,229
2018,67,Blue and red shrimp,0.0318546384551332,8,234
2018,56,Blackmouth catshark,0.276677699651904,9,247
2018,85,Suprabenthos,0.000186962627715366,6,211
2018,33,Blue whiting,0.055639340814463,7,372
2018,71,Norway lobster,0.0696591137839398,9,397
2019,62,Mesopelagic cephalopods,0.00580708766972622,9,303
2019,67,Blue and red shrimp,0.0255287066459427,8,241
2019,57,Other small demersal sharks,0.0140522085906097,9,361
2019,11,Pelagic sharks,0.00585739406974098,1,37
2019,33,Blue whiting,0.162885610936989,8,337
2019,31,Other commercial large demersal fish,0.00240262733856775,8,292
2019,85,Suprabenthos,8.26603781069777e-05,4,89
2021,67,Blue and red shrimp,0.0300747407651546,8,265
2021,56,Blackmouth catshark,0.243041301091326,9,285
2021,12,Non-commercial large pelagic fishes,1.67609906939174,2,70
2021,31,Other commercial large demersal fish,0.0045208309016541,7,280
2021,71,Norway lobster,0.0522126191323171,9,398
2021,14,Swordfish,0.345533988793708,2,69
2006,72,European lobster,0.0222033125043958,3,45
2007,72,European lobster,0.011010550061198,6,142
2011,72,European lobster,0.0429829258881492,5,126
2012,16,Mackerels,0.109487780134543,6,237
2015,72,European lobster,0.0379349880396716,5,125
2016,72,European lobster,0.0119517588984697,4,164
2017,72,European lobster,0.0222132133108376,8,237
2017,23,Round sardinella,0.172909892095386,6,198
2007,73,Other commercial decapods,0.00710241759281455,7,281
2011,62,Mesopelagic cephalopods,0.00721822615367372,7,220
2013,89,Seaweeds,0.0504685330345585,3,65
2014,72,European lobster,0.00756737048554081,5,202
2017,85,Suprabenthos,9.42889026420743e-05,5,157
2016,89,Seaweeds,0.116825689904452,3,89
2016,86,Mediterranean seagrass,0.269436644794883,3,127
2017,39,Red scorpionfish,0.0419169512742095,5,234
2021,89,Seaweeds,0.167017582877412,3,87
2021,39,Red scorpionfish,0.0191517014994416,6,244
2007,49,Transparent gobies,0.538526833358682,4,123
2007,39,Red scorpionfish,0.0318872573722958,5,181
2008,23,Round sardinella,1.33995132342031,3,102
2008,39,Red scorpionfish,0.0195140308248,7,278
2009,49,Transparent gobies,0.579379429837508,5,135
2009,38,Common dentex,0.121006725008082,3,66
2009,12,Non-commercial large pelagic fishes,1.44530440056278,1,20
2009,72,European lobster,0.0125785454383762,3,145
2009,23,Round sardinella,0.147303290381889,3,115
2010,49,Transparent gobies,0.10285485523621,4,127
2010,23,Round sardinella,0.264813591948735,5,96
2010,39,Red scorpionfish,0.0298869612676602,5,199
2010,32,Poor cod,0.146392766248681,6,347
2011,21,European anchovy juv.,2.99806751591704,7,347
2011,85,Suprabenthos,0.000137186219193381,2,64
2011,23,Round sardinella,0.520533659046768,4,88
2012,21,European anchovy juv.,3.03270833832575,7,356
2012,49,Transparent gobies,0.0232448336543957,4,177
2012,72,European lobster,0.0113169528649744,4,257
2012,86,Mediterranean seagrass,0.0164230078398446,3,155
2012,39,Red scorpionfish,0.0257682513378546,5,255
2013,49,Transparent gobies,0.0380682881542887,5,162
2013,72,European lobster,0.0157661897413733,5,161
2013,79,Jellyfish,0.648690869274818,5,291
2014,49,Transparent gobies,0.0321615200774361,5,158
2015,39,Red scorpionfish,0.0216514975923575,5,213
2015,32,Poor cod,0.0616277691720585,6,381
2016,23,Round sardinella,0.225287720419809,4,94
2016,32,Poor cod,0.0706140628623388,6,434
2017,68,Giant red shrimp,0.0343470283604602,6,214
2017,49,Transparent gobies,0.00440835040934126,3,163
2017,31,Other commercial large demersal fish,0.002715520185601,7,255
2017,32,Poor cod,0.0626921365751613,7,436
2018,37,Common two-banded seabream,0.0094121191563633,5,109
2018,11,Pelagic sharks,0.171154113582149,1,20
2018,72,European lobster,0.0231464303626153,5,198
2018,32,Poor cod,0.0509906089901977,6,478
2019,49,Transparent gobies,0.170545929858258,4,178
2019,72,European lobster,0.0191123712901158,5,191
2019,39,Red scorpionfish,0.0210789955770132,6,230
2020,74,Non-commercial decapods,0.0726462000132045,6,363
2020,64,Bivalves,0.0124077106130796,4,205
2020,82,Other corals and gorgonians,0.00124330776873341,4,212
2020,61,Benthopelagic cephalopods,0.177274500239425,6,401
2020,78,Other macro-benthos,0.0257046895028578,5,347
2020,43,Labridae and serranidae+,0.0593218331416017,6,244
2020,65,Gastropods,0.000427405848064208,5,323
2020,54,Bathydemersal (deep sea) fish,0.451031513837243,6,307
2020,44,Flatfishes,0.173471809525521,6,392
2020,53,No commercial small demersal fish,0.313406402569022,6,398
2020,35,Sparidae+,1.22154341703194,6,401
2020,75,Purple sea urchin,0.0496306406185036,5,332
2020,40,Scorpaenidae+,0.17025563945339,6,401
2020,28,European conger,0.0178813909596073,6,366
2020,89,Seaweeds,0.089996031195566,3,82
2020,58,Rays and skates,0.549851114131936,6,341
2020,37,Common two-banded seabream,0.0117136052503607,6,139
2020,46,No commercial medium demersal fish,0.0560325548829302,6,321
2020,63,Other benthic cephalopods,0.0314344184488289,6,401
2020,21,European anchovy juv.,14.7062564985524,6,262
2020,81,Red coral,0.000964689867271473,5,323
2020,49,Transparent gobies,0.0668984350815569,3,82
2020,77,Sea cucumbers,0.00820079504943593,5,335
2020,79,Jellyfish,0.282760834360816,4,326
2020,27,Anglerfish,0.11529622585311,6,331
2020,73,Other commercial decapods,0.00703379188095227,6,229
2020,29,European hake juv.,0.279585924319259,6,401
2020,50,Red mullet,0.330381829213973,6,378
2020,51,Surmullet,0.0727012655376204,6,336
2020,57,Other small demersal sharks,0.00707747061784768,6,289
2020,60,Coastal benthic cephalopods,0.0716751473903124,6,354
2020,34,Common pandora,0.115106715532445,6,302
2020,72,European lobster,0.0184719679295164,4,124
2020,86,Mediterranean seagrass,0.00799143995757827,4,147
2020,80,Salps and other gelatinous zooplankton,0.0359799284304515,3,182
2020,19,European sardine adult,7.33430009149314,6,236
2020,23,Round sardinella,0.552394607979336,5,122
2020,16,Mackerels,0.37202893037137,6,250
2020,39,Red scorpionfish,0.0188865431128525,6,185
2020,55,Small-spotted catshark,0.117665592957006,6,360
2020,24,Other small pelagic fish,2.12069443186299,6,323
2020,59,Torpedos,0.00812088667973089,6,236
2020,45,Other commercial medium demersal fish,0.0773642313271928,6,398
2020,17,Horse mackerels,10.1903068538857,6,401
2021,72,European lobster,0.02097639655134,5,161
2007,14,Swordfish,0.653441020413498,1,14
2009,85,Suprabenthos,0.000449646966153987,2,104
2017,87,Other seagrasses,1.37044498348614e-05,1,13
2018,38,Common dentex,0.00916556910267636,2,53
2020,66,Deep-water rose shrimp,0.0909901244216596,6,335
2020,32,Poor cod,0.0562461010350288,6,342
1995,68,Giant red shrimp,0.0290685883746096,7,223
1995,31,Other commercial large demersal fish,0.0063141858668288,7,278
1995,32,Poor cod,0.143190216465269,7,392
1996,68,Giant red shrimp,0.0423152784854483,5,197
2001,68,Giant red shrimp,0.0563996658084963,6,218
2002,68,Giant red shrimp,0.0408166378640614,5,162
2002,31,Other commercial large demersal fish,0.00493594532757268,5,214
2004,68,Giant red shrimp,0.0426105397699894,7,188
2005,68,Giant red shrimp,0.0790387067300414,6,171
2006,31,Other commercial large demersal fish,0.0070760240583868,7,243
2007,85,Suprabenthos,0.000102787073464998,1,20
2007,68,Giant red shrimp,0.0299960757596692,6,192
2008,68,Giant red shrimp,0.0489696477775793,5,170
2009,68,Giant red shrimp,0.0562912680032879,6,178
2009,18,Other medium pelagic fishes,0.0246731631337359,6,148
2010,68,Giant red shrimp,0.0722393014299145,6,181
2010,31,Other commercial large demersal fish,0.00509387076459697,7,211
2011,68,Giant red shrimp,0.0718498386386029,4,156
2012,68,Giant red shrimp,0.0463213975403606,6,189
2012,31,Other commercial large demersal fish,0.00313851243890587,7,199
2013,68,Giant red shrimp,0.059070740802282,6,191
2013,85,Suprabenthos,0.000353825553004905,4,145
2014,68,Giant red shrimp,0.0341873034528191,5,170
2015,68,Giant red shrimp,0.0296447740692255,6,200
2016,68,Giant red shrimp,0.0344419059626206,6,193
2018,31,Other commercial large demersal fish,0.00535807447465581,7,264
2019,68,Giant red shrimp,0.0535847164480041,5,166
2020,62,Mesopelagic cephalopods,0.00484249084574113,5,154
2020,26,No commercial meso (bathy) pelagic fishes,0.623311000631875,6,231
2020,68,Giant red shrimp,0.0318817380297008,6,173
2020,67,Blue and red shrimp,0.0433354018997083,5,154
2020,25,Benthopelagic fishes,0.0691986140026273,6,269
2020,56,Blackmouth catshark,0.165197081489874,6,215
2020,33,Blue whiting,0.0878965510738876,6,202
2020,31,Other commercial large demersal fish,0.00495474677616806,5,146
2020,71,Norway lobster,0.0433282630431408,6,246
2020,85,Suprabenthos,7.91912909853126e-05,2,38
2021,68,Giant red shrimp,0.0465655600847454,6,226
1994,38,Common dentex,0.0263513303627789,3,69
1994,37,Common two-banded seabream,0.00681513599079601,3,69
1994,21,European anchovy juv.,3.35315144307572,6,343
1994,79,Jellyfish,0.000199212955566421,1,27
1994,23,Round sardinella,0.178247953048775,5,172
1995,49,Transparent gobies,1.61373799745155,3,91
1995,36,White seabream,0.0170978800331022,2,50
1995,21,European anchovy juv.,1.05535516231304,6,346
1995,23,Round sardinella,0.0243180545677814,4,134
1996,49,Transparent gobies,0.0200389732001344,4,124
1996,18,Other medium pelagic fishes,0.0827322184725816,3,79
1996,36,White seabream,0.00951693803864263,4,47
1996,21,European anchovy juv.,1.86597179011833,6,277
1996,48,Mugilidae,2.53670798307324,2,27
1996,23,Round sardinella,0.495230693488884,5,203
1997,21,European anchovy juv.,1.28941771229497,5,274
1997,48,Mugilidae,0.46337736098763,3,41
1997,12,Non-commercial large pelagic fishes,1.03306904400158,2,28
1997,23,Round sardinella,0.0558445420041029,4,70
1998,49,Transparent gobies,0.0221148967723188,4,147
1999,18,Other medium pelagic fishes,0.0730944245162307,3,116
1999,36,White seabream,0.00843593962702328,3,63
1999,19,European sardine adult,2.17756700991214,5,292
1999,23,Round sardinella,0.244440939023497,5,126
1999,42,Brown meagre,0.00193558334950652,1,8
2000,36,White seabream,0.0656405493564643,2,17
2000,37,Common two-banded seabream,0.0149855097161616,3,99
2000,48,Mugilidae,0.517740487360914,3,72
2000,72,European lobster,0.00703839840533758,4,102
2000,23,Round sardinella,0.207889904719321,3,122
2000,18,Other medium pelagic fishes,0.228999083340856,4,136
2000,32,Poor cod,0.151563057421084,5,430
2001,21,European anchovy juv.,2.59777272421879,5,276
2001,48,Mugilidae,8.78360072207416,1,7
2001,12,Non-commercial large pelagic fishes,4.12168364182075,1,7
2001,23,Round sardinella,0.255370242198282,4,115
2001,16,Mackerels,0.138278919178889,5,327
2001,18,Other medium pelagic fishes,0.206962196049143,4,156
2001,73,Other commercial decapods,0.0062499130727827,5,402
2002,49,Transparent gobies,0.00961703395015466,3,98
2002,38,Common dentex,0.0229933128914097,2,59
2002,36,White seabream,0.0446294862363127,1,10
2002,12,Non-commercial large pelagic fishes,0.481324599770194,1,67
2002,23,Round sardinella,0.157272756411058,3,133
2002,15,Other large pelagic fishes,0.191174080912224,1,10
2002,32,Poor cod,0.117559103785861,5,377
2003,18,Other medium pelagic fishes,0.125424969125769,3,110
2003,38,Common dentex,0.00520698606206191,1,44
2003,32,Poor cod,0.122884874851222,5,378
2004,48,Mugilidae,6.36728681629785,2,23
2004,36,White seabream,0.00752668555106435,1,8
2004,39,Red scorpionfish,0.00415546874100172,4,209
2005,48,Mugilidae,0.860768447848631,3,34
2005,12,Non-commercial large pelagic fishes,0.380868946712717,1,11
2005,23,Round sardinella,0.275733491601361,5,124
2005,39,Red scorpionfish,0.00704870925995115,6,209
2006,18,Other medium pelagic fishes,0.104511781058078,4,169
2006,36,White seabream,0.0468451636750449,3,60
2006,23,Round sardinella,0.180475521512421,3,91
2006,39,Red scorpionfish,0.00437077535914413,5,256
2007,38,Common dentex,0.0393146602008181,3,99
2007,36,White seabream,0.0191466179578431,3,65
2007,48,Mugilidae,0.585536357780418,3,26
2008,38,Common dentex,0.0796056569238004,5,136
2008,36,White seabream,0.022300876579463,3,72
2009,36,White seabream,0.0283609739420022,3,35
2009,15,Other large pelagic fishes,0.124870719272247,1,6
2010,36,White seabream,0.0242320459242448,4,116
2010,18,Other medium pelagic fishes,0.0785877190065791,4,117
2011,18,Other medium pelagic fishes,0.133001422803998,3,110
2011,36,White seabream,0.0119502159732729,2,37
2011,16,Mackerels,0.82987460945784,4,121
2012,36,White seabream,0.0144573740304167,3,36
2012,12,Non-commercial large pelagic fishes,0.382334493247166,1,43
2012,69,Other commercial shrimps,0.00613995497973481,2,24
2012,18,Other medium pelagic fishes,0.129495486945424,4,131
2013,36,White seabream,0.0164160258819141,2,63
2013,48,Mugilidae,0.902919377275892,4,92
2014,38,Common dentex,0.0536918648853713,1,49
2014,36,White seabream,0.0240319797958283,2,67
2014,48,Mugilidae,0.789513270377219,3,38
2014,42,Brown meagre,0.0698091907726196,1,11
2017,48,Mugilidae,0.47963581801153,3,28
2017,12,Non-commercial large pelagic fishes,0.769866323491054,1,9
2019,36,White seabream,0.00405524175193598,3,51
2020,48,Mugilidae,0.22955754146862,3,30
2020,42,Brown meagre,0.0506458991406738,1,5
2020,18,Other medium pelagic fishes,0.0441215168441018,4,68
2021,36,White seabream,0.00973291740380608,2,28
2021,48,Mugilidae,0.264690024787923,2,52
1994,31,Other commercial large demersal fish,0.00415092874665349,5,231
1994,69,Other commercial shrimps,0.0018837128749579,3,57
1994,32,Poor cod,0.15916355620042,5,344
1996,39,Red scorpionfish,0.0155977200694071,5,129
1996,32,Poor cod,0.128169114987496,6,363
1998,72,European lobster,0.0164208354794012,5,200
1999,12,Non-commercial large pelagic fishes,0.250322909695345,1,27
1999,79,Jellyfish,2.31044780300592,2,91
2000,39,Red scorpionfish,0.00934141593002356,5,251
2000,15,Other large pelagic fishes,0.0121731388876356,2,37
2001,38,Common dentex,0.0660412736663077,2,71
2001,72,European lobster,0.00632296659912157,3,186
2001,39,Red scorpionfish,0.0189344382670457,4,253
2001,32,Poor cod,0.188442340367597,5,366
2010,15,Other large pelagic fishes,0.0517090388332339,1,19
2012,38,Common dentex,0.0249422472344942,2,53
2013,38,Common dentex,0.0403189051573373,3,63
2013,15,Other large pelagic fishes,0.256309309974328,1,38
2015,38,Common dentex,0.00875692425908328,3,72
2016,38,Common dentex,0.16018241804225,3,73
2017,38,Common dentex,0.0335340694225549,2,51
2018,48,Mugilidae,20.18485228155,2,53
2019,38,Common dentex,0.0258528334850969,2,56
1998,31,Other commercial large demersal fish,0.00402982678854652,6,218
1999,31,Other commercial large demersal fish,0.00439573835632387,6,234
2000,31,Other commercial large demersal fish,0.00492426758714734,5,221
2003,31,Other commercial large demersal fish,0.00374557277301305,6,239
2019,12,Non-commercial large pelagic fishes,1.05951697828809,1,28
1994,85,Suprabenthos,3.50608319458593e-05,1,16
1995,85,Suprabenthos,8.78023656343319e-05,1,25
1999,68,Giant red shrimp,0.0843593467384794,5,208
2000,68,Giant red shrimp,0.0822147920902085,6,217
2001,85,Suprabenthos,2.14136430602666e-05,1,23
2006,68,Giant red shrimp,0.0887108335995912,4,164
1994,18,Other medium pelagic fishes,0.0329070148711704,4,130
1994,68,Giant red shrimp,0.0601880897110319,5,244
1994,78,Other macro-benthos,0.0003599367705251,2,37
1995,18,Other medium pelagic fishes,0.0773602621195349,3,78
1995,48,Mugilidae,0.409863780861683,3,49
2000,78,Other macro-benthos,0.00129996391979423,3,123
2002,78,Other macro-benthos,0.000466587945381964,2,83
2003,48,Mugilidae,0.0264578268613761,1,13
2003,39,Red scorpionfish,0.0182371260552246,4,189
2004,78,Other macro-benthos,0.000225184753063001,3,141
2005,36,White seabream,0.00714064070381327,2,52
2009,48,Mugilidae,0.399840124200525,3,34
2010,48,Mugilidae,0.121394064982434,2,55
2011,48,Mugilidae,0.0488057590455886,2,27
2012,48,Mugilidae,1.4435648618689,2,27
2015,48,Mugilidae,0.401275429088256,3,33
2019,48,Mugilidae,2.28506280658727,2,27
2022,74,Non-commercial decapods,0.126793541325771,2,95
2022,61,Benthopelagic cephalopods,0.125791809704006,2,95
2022,44,Flatfishes,0.282137835566185,2,95
2022,35,Sparidae+,2.12238150386313,2,95
2022,53,No commercial small demersal fish,0.25815013169648,2,95
2022,46,No commercial medium demersal fish,0.0559458221403221,2,95
2022,40,Scorpaenidae+,0.299671067403671,2,95
2022,28,European conger,0.0110765144000909,2,85
2022,37,Common two-banded seabream,0.01222532019506,2,32
2022,63,Other benthic cephalopods,0.140654563467697,2,95
2022,21,European anchovy juv.,7.82883781590904,2,68
2022,45,Other commercial medium demersal fish,0.115180235610948,2,95
2022,48,Mugilidae,1.7163624017989,1,12
2022,27,Anglerfish,0.348672907720481,2,95
2022,29,European hake juv.,0.318790901809986,2,95
2022,50,Red mullet,0.334636766293173,2,95
2022,51,Surmullet,0.0251054190393717,2,68
2022,60,Coastal benthic cephalopods,0.104615272642443,2,68
2022,34,Common pandora,0.22493278946203,2,72
2022,69,Other commercial shrimps,0.00173268905023689,1,12
2022,58,Rays and skates,0.692348981637296,2,95
2022,19,European sardine adult,3.93980252397115,2,68
2022,16,Mackerels,2.31385374411319,1,62
2022,39,Red scorpionfish,0.0172894962498356,2,18
2022,43,Labridae and serranidae+,0.0458054626449062,2,85
2022,24,Other small pelagic fish,18.7890448508802,2,72
2022,73,Other commercial decapods,0.0106842187835167,2,71
2022,17,Horse mackerels,8.59583201360769,2,95
2022,32,Poor cod,0.285588004055957,1,62
2023,74,Non-commercial decapods,0.0687297982065964,5,362
2023,61,Benthopelagic cephalopods,0.180583241173478,5,362
2023,18,Other medium pelagic fishes,0.0301512761110824,4,125
2023,44,Flatfishes,0.169156876439545,5,362
2023,53,No commercial small demersal fish,0.245058892987081,5,362
2023,35,Sparidae+,1.44302179440266,5,362
2023,46,No commercial medium demersal fish,0.107986589250487,5,301
2023,40,Scorpaenidae+,0.180282219071555,5,362
2023,28,European conger,0.0103325608416354,5,319
2023,37,Common two-banded seabream,0.00922424467048116,4,125
2023,63,Other benthic cephalopods,0.0479737528760638,5,362
2023,21,European anchovy juv.,8.83577260968552,4,203
2023,73,Other commercial decapods,0.00894487294917623,5,259
2023,48,Mugilidae,0.358921064627585,3,33
2023,27,Anglerfish,0.137701843341165,5,356
2023,29,European hake juv.,0.43213672000605,5,362
2023,50,Red mullet,0.271289914476498,5,362
2023,51,Surmullet,0.00999918595420253,5,300
2023,60,Coastal benthic cephalopods,0.0388974138253212,5,289
2023,34,Common pandora,0.146624015514666,5,189
2023,58,Rays and skates,0.480531410786516,5,355
2023,19,European sardine adult,2.01646653363198,5,179
2023,23,Round sardinella,1.01346400711051,4,106
2023,16,Mackerels,0.119839229467444,3,178
2023,43,Labridae and serranidae+,0.0322208918257069,5,257
2023,24,Other small pelagic fish,3.88912876333288,5,213
2023,59,Torpedos,0.0165036663115698,5,206
2023,17,Horse mackerels,5.32960093647851,5,362
2023,32,Poor cod,0.0679636734445882,4,274
2023,45,Other commercial medium demersal fish,0.0783568610946185,5,362
1995,12,Non-commercial large pelagic fishes,0.762361725879607,1,32
1996,11,Pelagic sharks,0.000429325323840092,1,32
1999,38,Common dentex,0.0099544701602975,4,103
2001,78,Other macro-benthos,0.0059445000746225,3,67
2003,78,Other macro-benthos,0.00167226942639425,4,141
2006,78,Other macro-benthos,0.000285548399472114,2,95
2022,54,Bathydemersal (deep sea) fish,0.0671485541834597,2,77
2022,25,Benthopelagic fishes,0.0987385621728821,2,59
2022,33,Blue whiting,0.0644000940500269,2,73
2022,71,Norway lobster,0.205841253217087,2,59
2022,57,Other small demersal sharks,0.016838697747278,2,79
2022,66,Deep-water rose shrimp,0.0540492144218243,2,73
2022,85,Suprabenthos,0.000665266851845449,1,50
2022,55,Small-spotted catshark,0.105055241029584,2,83
2022,59,Torpedos,0.00629010281309861,2,56
2023,54,Bathydemersal (deep sea) fish,0.263456449209477,5,312
2023,57,Other small demersal sharks,0.0144608313848583,5,255
2023,25,Benthopelagic fishes,0.440122933764806,5,216
2023,71,Norway lobster,0.0522661503333126,5,209
2023,66,Deep-water rose shrimp,0.0748261396053769,5,303
2023,55,Small-spotted catshark,0.0827703641952978,5,337
1999,47,Salema,0.00114722145789234,1,10
2006,12,Non-commercial large pelagic fishes,1.50060145260529,1,11
2008,72,European lobster,0.0143963046938912,3,103
2023,33,Blue whiting,0.0411891843956052,5,215
2023,39,Red scorpionfish,0.0104607668329511,5,147
1997,72,European lobster,0.0289985193499042,4,58
2004,72,European lobster,0.0139592379952573,3,57
2022,62,Mesopelagic cephalopods,0.00607042118095434,2,23
2022,26,No commercial meso (bathy) pelagic fishes,0.253447023673543,2,23
2022,67,Blue and red shrimp,0.0316932047953075,2,23
2022,56,Blackmouth catshark,0.31659048248716,2,23
2022,31,Other commercial large demersal fish,0.0133353919717435,2,23
2023,26,No commercial meso (bathy) pelagic fishes,0.0442494243528523,5,200
2023,67,Blue and red shrimp,0.023645008241817,4,136
2023,56,Blackmouth catshark,0.107009134037747,5,161
2023,62,Mesopelagic cephalopods,0.00440946985817762,5,149
2023,31,Other commercial large demersal fish,0.00605247852377256,4,118
1995,38,Common dentex,0.171843293112703,2,25
1996,38,Common dentex,0.00492530281614307,2,26
1996,72,European lobster,0.0366730806715214,3,99
1999,78,Other macro-benthos,0.125915392607101,1,6
2005,78,Other macro-benthos,0.00056955177463876,3,93
2010,41,Groupers,0.107546315383253,2,14
2021,38,Common dentex,0.060538521405871,2,31
2022,38,Common dentex,0.775898174049358,1,6
2022,72,European lobster,0.0484282653944909,1,6
2003,52,Commercial small demersal fish,0.000419832438695034,2,62
2005,38,Common dentex,0.0291118131106913,2,26
2008,52,Commercial small demersal fish,0.000857424409638895,2,35
1997,68,Giant red shrimp,0.100430021246027,4,184
1998,68,Giant red shrimp,0.0993091723844273,4,186
1998,78,Other macro-benthos,5.64374216225307e-06,1,13
2003,68,Giant red shrimp,0.0645824370612053,4,150
2022,68,Giant red shrimp,0.0362225761809888,1,13
2023,68,Giant red shrimp,0.0590825650412765,4,139
1994,49,Transparent gobies,0.0609286978062448,2,62
1994,48,Mugilidae,0.0460336109743812,2,37
1995,69,Other commercial shrimps,0.000831267957881902,2,37
1995,47,Salema,0.00716963769591791,2,37
1996,69,Other commercial shrimps,0.0032359214461795,1,20
1997,38,Common dentex,0.0200425473130139,3,74
1997,69,Other commercial shrimps,0.00127407753329755,2,51
1998,48,Mugilidae,1.36203010176458,2,31
1998,69,Other commercial shrimps,0.000512634620825074,1,21
1998,47,Salema,0.000437499872051522,1,21
1999,48,Mugilidae,0.263189619598824,1,41
1999,69,Other commercial shrimps,0.00721120426438511,2,28
2000,69,Other commercial shrimps,0.00276805888394977,1,20
2002,69,Other commercial shrimps,0.00295411875978266,2,21
2003,69,Other commercial shrimps,0.0292288347059643,1,15
2004,69,Other commercial shrimps,0.00210476372938284,1,15
2005,82,Other corals and gorgonians,0.000180224635688829,1,47
2005,52,Commercial small demersal fish,0.000336690440171955,1,47
2005,72,European lobster,0.00625150803091594,3,78
2005,69,Other commercial shrimps,0.000802871737321949,1,16
2006,82,Other corals and gorgonians,0.00035416510245379,1,120
2007,82,Other corals and gorgonians,3.90242087696831e-05,1,120
2007,69,Other commercial shrimps,0.00315079691442636,1,15
2007,15,Other large pelagic fishes,0.619236306237666,1,15
2008,82,Other corals and gorgonians,6.87726800250725e-05,1,120
2008,69,Other commercial shrimps,0.00169848481954443,1,16
2008,78,Other macro-benthos,0.000639144512520186,1,63
2009,78,Other macro-benthos,0.000328664244433327,1,120
2009,69,Other commercial shrimps,0.00182375867324912,1,16
2009,81,Red coral,2.92105213961227e-05,1,16
2010,82,Other corals and gorgonians,0.000154272621394129,1,120
2010,69,Other commercial shrimps,0.00573547609146609,1,15
2010,78,Other macro-benthos,8.27053339154939e-05,1,63
2011,82,Other corals and gorgonians,0.000164835429708501,2,190
2011,69,Other commercial shrimps,0.000326923796155429,1,15
2013,69,Other commercial shrimps,0.00406374357932173,1,15
2015,41,Groupers,0.0507683561999696,2,21
2015,69,Other commercial shrimps,0.000988584908915247,1,14
2016,48,Mugilidae,7.87244665305635,1,14
2017,69,Other commercial shrimps,0.00919349253396483,3,61
2018,36,White seabream,0.0017090449050465,1,14
2018,69,Other commercial shrimps,0.00760687405537985,2,33
2019,52,Commercial small demersal fish,0.00130103618346251,2,78
2020,38,Common dentex,0.000521324099075675,1,15
2020,69,Other commercial shrimps,0.00577826779180734,1,15
2021,52,Commercial small demersal fish,0.00016310838145727,1,15
2021,41,Groupers,0.109493244631109,2,23
2021,15,Other large pelagic fishes,0.0232691477162728,1,15
2023,82,Other corals and gorgonians,0.000100819523742556,3,188
2023,78,Other macro-benthos,0.00720676596323627,3,275
2023,65,Gastropods,4.75545664766423e-05,3,238
2023,38,Common dentex,0.0725140638948833,3,46
2023,77,Sea cucumbers,0.0130157196794187,3,269
2023,79,Jellyfish,0.140405681762536,3,239
2023,69,Other commercial shrimps,0.0172931474842641,2,39
1998,38,Common dentex,0.00718626870416034,1,59
1999,82,Other corals and gorgonians,3.19802352626711e-05,1,60
2000,82,Other corals and gorgonians,0.000488097260212459,1,22
2001,82,Other corals and gorgonians,6.08859753487528e-05,1,133
2003,82,Other corals and gorgonians,0.000147242046295014,1,47
2003,72,European lobster,0.00263040703181451,1,17
2004,82,Other corals and gorgonians,4.07696104287882e-05,1,17
2007,78,Other macro-benthos,0.000178234519759383,1,47
2008,81,Red coral,4.05500095157356e-05,1,16
2009,82,Other corals and gorgonians,0.000445813044536275,1,47
2010,38,Common dentex,0.00391864891931553,1,18
2010,81,Red coral,4.74135950670629e-05,1,18
2015,86,Mediterranean seagrass,0.0798609999565538,3,63
2017,36,White seabream,0.000609162032988326,1,49
2019,41,Groupers,0.0506157307950643,2,25
2023,64,Bivalves,0.00102644847448952,2,62
2023,75,Purple sea urchin,0.0646733557499076,3,254
2023,72,European lobster,0.00667813198469879,2,90
2023,81,Red coral,0.000470068449279168,3,235
2023,86,Mediterranean seagrass,0.0639022125977232,2,55
2023,80,Salps and other gelatinous zooplankton,0.00176211321381408,3,87
2001,81,Red coral,8.02542282742709e-06,1,38
2002,82,Other corals and gorgonians,1.07194923248435e-05,1,30
2009,75,Purple sea urchin,1.97408110472737e-06,1,31
2012,52,Commercial small demersal fish,0.000517059854660967,3,65
2013,52,Commercial small demersal fish,4.52579661318897e-05,1,30
2020,47,Salema,0.00137814276907776,1,31
2001,52,Commercial small demersal fish,8.38546200912648e-05,1,73
2006,52,Commercial small demersal fish,0.000120022642761513,2,121
2011,78,Other macro-benthos,0.0020530925053165,2,127
2013,47,Salema,0.000101713720871442,1,57
1996,41,Groupers,0.242961379434412,1,8
1997,41,Groupers,0.0924454699221596,1,8
1999,41,Groupers,0.0770883090904531,1,18
2000,38,Common dentex,0.0279905369370769,1,8
2001,36,White seabream,0.00335886443244923,1,8
2001,41,Groupers,0.0635246895595822,1,18
2004,15,Other large pelagic fishes,0.0183715461493239,1,7
2007,41,Groupers,0.0541448455051664,1,7
2011,81,Red coral,0.00031590734439595,1,70
2011,79,Jellyfish,0.0508610367578147,1,70
2013,41,Groupers,0.1247859946933,1,14
2014,15,Other large pelagic fishes,0.105260211080317,1,7
2016,87,Other seagrasses,0.000293854042696992,1,7
2017,47,Salema,0.00129695147161097,1,21
2021,69,Other commercial shrimps,0.00465110247779671,1,7
2023,49,Transparent gobies,0.00866610631939624,2,74
2023,15,Other large pelagic fishes,0.171852368800202,1,13
2000,41,Groupers,0.0828797314324406,1,10
2002,41,Groupers,0.151359306610925,1,9
2003,15,Other large pelagic fishes,0.269997022212152,1,8
2011,75,Purple sea urchin,0.000431338959458937,1,63
2019,87,Other seagrasses,2.29243297220324e-05,1,63
2010,52,Commercial small demersal fish,0.000108992757699815,2,38
2011,52,Commercial small demersal fish,0.000266444760739371,1,55
2011,15,Other large pelagic fishes,0.00215363852652575,1,14
2020,52,Commercial small demersal fish,0.00139484195420312,1,30
2023,52,Commercial small demersal fish,0.00082568236436405,2,61
1995,11,Pelagic sharks,9.5113700106028e-05,1,50
2004,52,Commercial small demersal fish,0.000252261194652391,2,57
2014,14,Swordfish,0.00967606449592802,1,41
2023,85,Suprabenthos,0.000144713643197234,2,69
1994,36,White seabream,0.000688656067499512,1,16
1994,47,Salema,0.00785679103378548,1,16
1997,36,White seabream,0.000433419493482553,1,21
2000,47,Salema,0.0102019723103405,1,19
2003,75,Purple sea urchin,0.134551000407519,1,61
2004,75,Purple sea urchin,0.0191299798942175,1,40
2005,47,Salema,0.0730308544265966,1,17
2006,38,Common dentex,0.525373278916848,1,38
2006,47,Salema,0.0103874252810917,1,19
2007,52,Commercial small demersal fish,0.000284098107571216,1,19
2007,47,Salema,0.0110743950190097,1,43
2008,47,Salema,0.0592479315698181,1,18
2010,72,European lobster,0.0448422508736525,1,99
2014,69,Other commercial shrimps,0.00231427173238162,1,21
2014,47,Salema,0.000201568335676118,1,59
2016,69,Other commercial shrimps,0.0129117137885933,1,18
2019,69,Other commercial shrimps,0.0223105924086981,1,21
2020,15,Other large pelagic fishes,0.0816428845643245,1,19
2023,89,Seaweeds,0.00610063078139155,1,37
2023,47,Salema,0.00923810910259775,1,18
1994,72,European lobster,0.00664971432827246,1,20
2002,75,Purple sea urchin,0.0369571763162602,1,24
2005,75,Purple sea urchin,0.0001592184237105,1,24
2016,52,Commercial small demersal fish,0.000347740661461453,1,24
1995,15,Other large pelagic fishes,0.000435155953584003,1,45
2001,47,Salema,4.71311276052424e-05,1,52
2002,80,Salps and other gelatinous zooplankton,0.161467013913028,1,36
