ScientificName,AreaID,Year,SampleID,flagged_density,typical_density,robust_z,was_dropped
Plesionika narval,1,2011,ESP_5_COR_2011_149_6_16,0.782609105033295,0.000182786234979749,5605.13045150465,TRUE
Plesionika narval,1,2016,ESP_5_MOL_2016_208_6_16,0.77967521611408,0.000182786234979749,5589.15394813296,TRUE
Calocaris macandreae,1,2006,ESP_6_COR_2006_90_5_29,0.470082212562268,0.000244327577278778,1749.47064958608,TRUE
Meganyctiphanes norvegica,1,2001,ESP_6_COR_2001_98_6_7,1.04345769524639,0.000757131115120877,1731.59838654476,TRUE
Xenophora crispa,1,2015,ESP_6_MOL_2015_159_6_1,2.85189280874026,0.000612041537516986,1650.43469706575,TRUE
Meganyctiphanes norvegica,1,2013,ESP_5_COR_2013_149_6_16,0.684456093523728,0.000757131115120877,1262.97226254353,TRUE
Antedon mediterranea,1,2012,ESP_6_COR_2012_119_5_25,0.115786640831046,9.41987075944075e-05,1040.1834238028,TRUE
Plesionika narval,1,2002,ITA_11_NUS_2002_64_8_2,0.108472584520655,0.000182786234979749,997.081635132999,TRUE
Pasiphaea sivado,1,2002,ITA_11_NUS_2002_39_7_26,6.9071117157762,0.00163011721207607,928.119909450576,TRUE
Cyclothone braueri,1,2001,ESP_6_COR_2001_107_6_10,0.00848604213349243,6.05910465343408e-05,643.61064415333,TRUE
Petrosia ficiformis,1,2019,ESP_5_MOL_2019_191_6_16,0.444930921124884,0.000708795984829941,620.617083854469,TRUE
Heteroteuthis dispar,1,2017,ITA_11_GIS_2017_67_11_21,0.0907689188360831,0.000231278470379704,513.897521132562,TRUE
Munida tenuimana,1,2007,ESP_5_COR_2007_147_6_24,0.42019362891637,0.000674377473398461,511.876040719225,TRUE
Eusergestes arcticus,1,2021,ESP_6_MOL_2021_158_6_2,0.317816380049963,0.000498582599039572,495.317254457956,TRUE
Meganyctiphanes norvegica,1,2001,ESP_6_COR_2001_108_6_10,0.219519988811665,0.000757131115120877,479.541007790043,TRUE
Eusergestes arcticus,1,2021,ESP_6_MOL_2021_154_6_1,0.293348728274593,0.000498582599039572,461.619749161789,TRUE
Typton spongicola,1,2016,ESP_5_MOL_2016_192_6_11,0.0507811444599564,0.000417262288523899,455.775176673241,TRUE
Anthozoa,1,2019,ESP_6_MOL_2019_154_6_4,0.101132298479541,0.000263738535945189,443.470605835136,TRUE
Maurolicus muelleri,1,2008,ESP_6_COR_2008_112_6_1,0.0510563620130508,0.000135130952763966,440.792935805243,TRUE
Myctophum punctatum,1,2014,ITA_11_GIS_2014_51_8_4,0.087349353975023,0.000245330853250766,405.298014593368,TRUE
Xenophora crispa,1,2014,ESP_6_MOL_2014_153_5_31,0.37267606826748,0.000612041537516986,387.09474425223,TRUE
Plesionika narval,1,2014,ESP_5_MOL_2014_190_6_10,0.0383169645903153,0.000182786234979749,362.928395568169,TRUE
Meganyctiphanes norvegica,1,2003,ESP_6_COR_2003_106_5_18,0.157020882712852,0.000757131115120877,351.933366606492,TRUE
Eusergestes arcticus,1,2020,ESP_6_MOL_2020_36_6_6,0.211282560619354,0.000498582599039572,343.74984664932,TRUE
Crystallogobius linearis,1,2013,ESP_5_COR_2013_159_6_18,0.1411469475947,0.000393236808222667,338.386626774911,TRUE
Sergia robusta,1,1998,ITA_11_NUS_1998_86_6_24,0.352839109517109,0.000839517579618048,336.486868694616,TRUE
Ethusa mascarone,1,2017,ESP_5_MOL_2017_219_6_18,0.008975138865343,0.000331541417134707,303.208466726772,TRUE
Maurolicus muelleri,1,2009,ESP_5_COR_2009_164_5_20,0.0335988156934942,0.000135130952763966,292.126878517656,TRUE
Eurynome aspera,1,2020,ESP_5_MOL_2020_80_6_17,0.154921301064026,0.000666974128128017,282.905209907694,TRUE
Ebalia tuberosa,1,2016,ESP_5_MOL_2016_183_6_9,0.028469203144846,0.000373922084124606,280.860888503301,TRUE
Vinciguerria attenuata,1,2017,ITA_11_GIS_2017_77_11_23,0.0079140494481232,6.98042997659335e-05,271.103565805497,TRUE
Porifera,1,2016,ESP_5_MOL_2016_192_6_11,5.85117001219918,0.00495885917902544,268.556859084422,TRUE
Munida rutllanti,1,2016,ESP_6_MOL_2016_167_6_3,0.496392747523969,0.00126251286757998,260.077842985655,TRUE
Desmacella annexa,1,2019,ESP_5_MOL_2019_197_6_17,0.0355968908310453,0.000103435118352295,255.039919146464,TRUE
Philine aperta,1,2014,ESP_5_MOL_2014_196_6_11,0.0125087678279168,6.74349758245612e-05,254.430563941009,TRUE
Pasiphaea sivado,1,2003,ITA_11_NUS_2003_68_7_2,0.75655990395926,0.00163011721207607,252.331874640995,TRUE
Heteroteuthis dispar,1,2007,ESP_5_COR_2007_145_6_23,0.04272527100271,0.000231278470379704,246.752097897931,TRUE
Thenea muricata,1,2017,ESP_5_MOL_2017_199_6_13,0.053064373482867,0.000156907048264608,241.465590118783,TRUE
Macropodia linaresi,1,2020,ESP_5_MOL_2020_57_6_12,0.145532129540637,0.000610819444826207,235.784960902908,TRUE
Eusergestes arcticus,1,2021,ESP_5_MOL_2021_202_6_15,0.139471870742542,0.000498582599039572,233.863416977232,TRUE
Haliclona spp.,1,2019,ESP_5_MOL_2019_211_6_21,0.714317708064155,0.00197953164281331,223.996712077045,TRUE
Pasiphaea sivado,1,2015,ESP_5_MOL_2015_206_6_13,0.640183685729895,0.00163011721207607,221.539219602268,TRUE
Eusergestes arcticus,1,2019,ESP_5_MOL_2019_202_6_18,0.131387463226028,0.000498582599039572,221.061149976425,TRUE
Galathea intermedia,1,2017,ESP_5_MOL_2017_220_6_18,0.00249420986994477,0.000214707097602541,220.002569824687,TRUE
Pasiphaea sivado,1,2003,ITA_11_NUS_2003_72_7_3,0.630466586632716,0.00163011721207607,218.870029856222,TRUE
Crystallogobius linearis,1,2010,ESP_5_COR_2010_108_6_18,0.0883110326205919,0.000393236808222667,216.525749872392,TRUE
Phronima sedentaria,1,2014,ESP_5_MOL_2014_176_6_7,0.0301904557223706,0.000537611424268571,214.542733469076,TRUE
Pasiphaea sivado,1,2014,ITA_11_GIS_2014_51_8_4,0.609760435995855,0.00163011721207607,213.128792692273,TRUE
Argentina sphyraena,1,2013,ITA_11_GIS_2013_55_7_15,15.88794116693,0.0113697587753156,211.908456891485,TRUE
Thenea muricata,1,2019,ESP_5_MOL_2019_197_6_17,0.0463668355311497,0.000156907048264608,211.577862282922,TRUE
Eusergestes arcticus,1,2016,ESP_6_MOL_2016_165_6_2,0.121983643872478,0.000498582599039572,206.053898530225,TRUE
Pasiphaea sivado,1,2003,ESP_6_COR_2003_85_5_14,0.579300138491353,0.00163011721207607,204.547351593879,TRUE
Meganyctiphanes norvegica,1,2009,ESP_5_COR_2009_147_5_15,0.087809366006894,0.000757131115120877,202.3165048304,TRUE
Pasiphaea sivado,1,2000,ESP_6_COR_2000_80_6_15,0.56774458194726,0.00163011721207607,201.248478942406,TRUE
Porifera,1,2014,ESP_5_MOL_2014_196_6_11,3.07848180188606,0.00495885917902544,195.985370667678,TRUE
Pasiphaea sivado,1,2008,ITA_11_GIS_2008_81_7_16,0.519078933301197,0.00163011721207607,187.083290768481,TRUE
Luidia sarsii,1,2014,ESP_5_MOL_2014_194_6_11,0.159611231101512,0.000657400450788881,186.790742097832,TRUE
Eusergestes arcticus,1,2011,ESP_6_COR_2011_109_6_3,0.108760998320456,0.000498582599039572,184.738146185462,TRUE
Meganyctiphanes norvegica,1,2006,ESP_6_COR_2006_77_5_25,0.0794934044322342,0.000757131115120877,183.702362432564,TRUE
Benthocometes robustus,1,1996,ITA_11_NUS_1996_68_6_17,0.00826266183672279,0.000157577065925475,181.656652651584,TRUE
Lepidopus caudatus,1,1994,ITA_11_NUS_1994_97_7_28,9.32600059791839,0.0103476872080149,180.288443834601,TRUE
Xenophora crispa,1,2012,ESP_6_COR_2012_124_5_26,0.159099160052146,0.000612041537516986,180.025217341328,TRUE
Alcyonium palmatum,1,2017,ESP_6_MOL_2017_159_6_1,0.152228009141799,0.000639317295738681,177.373714857468,TRUE
Alpheus glaber,1,2006,ESP_6_COR_2006_95_6_1,0.0532322943212965,0.000316555872111428,170.733329685832,TRUE
Thenea muricata,1,2018,ESP_5_MOL_2018_205_6_20,0.0371993183330705,0.000156907048264608,170.356234818368,TRUE
Porifera,1,2020,ESP_5_MOL_2020_80_6_17,2.38352055882376,0.00495885917902544,169.848722852621,TRUE
Eusergestes arcticus,1,2013,ESP_5_COR_2013_149_6_16,0.0978149416158938,0.000498582599039572,166.899189159104,TRUE
Gryphus vitreus,1,2018,ESP_5_MOL_2018_208_6_21,0.492697119011001,0.00167279146934657,166.182927587463,TRUE
Hoplostethus mediterraneus mediterraneus,1,1996,ITA_11_NUS_1996_68_6_17,0.257084609115706,0.00118119716611853,163.779773104289,TRUE
Zonaria tournefortii,1,2021,ESP_5_MOL_2021_213_6_18,0.334782553017109,0.00159286396941701,160.953260073364,TRUE
Dardanus arrosor,1,2007,ESP_5_COR_2007_157_6_26,3.02332515474065,0.00695426914682504,155.342808323616,TRUE
Pasiphaea sivado,1,2013,ITA_11_GIS_2013_58_7_16,0.413865075519211,0.00163011721207607,154.840604480338,TRUE
Macropodia linaresi,1,2021,ESP_5_MOL_2021_185_6_11,0.0926432173015005,0.000610819444826207,153.383963352199,TRUE
Alcyonium palmatum,1,2019,ESP_6_MOL_2019_154_6_4,0.12960647686224,0.000639317295738681,152.440828785191,TRUE
Beania cylindrica,1,2014,ESP_5_MOL_2014_204_6_13,0.743632645473136,0.00253490069602876,149.192271330423,TRUE
Diazona violacea,1,2021,ESP_5_MOL_2021_214_6_18,3.491563204065,0.00791161495400715,146.247178014933,TRUE
Pasiphaea sivado,1,2003,ITA_11_NUS_2003_69_7_2,0.380358413254243,0.00163011721207607,144.066864428144,TRUE
Cidaris cidaris,1,2016,ESP_5_MOL_2016_201_6_14,0.621253974044926,0.00309387879000152,142.462964951881,TRUE
Funiculina quadrangularis,1,2016,ESP_5_MOL_2016_211_6_16,0.150994333152275,0.000748560956093028,141.428483258007,TRUE
Crystallogobius linearis,1,2013,ESP_5_COR_2013_161_6_19,0.056375195603029,0.000393236808222667,139.966146620723,TRUE
Lepidopus caudatus,1,2002,ESP_6_COR_2002_121_6_10,4.71014218552332,0.0103476872080149,134.337645324409,TRUE
Crystallogobius linearis,1,2009,ESP_5_COR_2009_167_5_21,0.0538527835941286,0.000393236808222667,133.820891928524,TRUE
Macropodia linaresi,1,2017,ESP_5_MOL_2017_210_6_16,0.080347639174512,0.000610819444826207,133.656248750498,TRUE
Pasiphaea sivado,1,2001,ESP_6_COR_2001_98_6_7,0.347747629628762,0.00163011721207607,133.327061308083,TRUE
Pyrosoma atlanticum,1,2017,ESP_5_MOL_2017_216_6_17,3.30906727687197,0.00803395456330046,132.247284039908,TRUE
Liocarcinus depurator,1,2000,ESP_6_COR_2000_77_6_13,0.459139457871085,0.00234364268471252,131.580214457252,TRUE
Aporrhais serresianus,1,2006,ESP_6_COR_2006_95_6_1,0.00704254430838545,6.35947235457874e-05,131.017927996592,TRUE
Cymbulia peronii,1,2017,ESP_5_MOL_2017_216_6_17,0.018542573114237,0.000133414635774107,127.087415443594,TRUE
Echinus melo,1,2016,ESP_6_MOL_2016_163_6_2,0.386472149712686,0.00221595564867432,124.586885848486,TRUE
Monodaeus couchii,1,2006,ESP_6_COR_2006_90_5_29,0.0672995852379494,0.00054361711959033,119.196016210055,TRUE
Amphipoda,1,2014,ESP_5_MOL_2014_217_6_16,0.0302073334705955,0.000635524781723796,119.075819681047,TRUE
Argentina sphyraena,1,1994,ITA_11_NUS_1994_99_7_28,3.91446606789196,0.0113697587753156,118.99335800164,TRUE
Molgula appendiculata,1,2012,ESP_5_COR_2012_144_6_2,0.587280701754386,0.00281021175539284,118.36343218925,TRUE
Laetmonice hystrix,1,2020,ESP_5_MOL_2020_93_6_20,0.256470436169815,0.00181577318355815,117.725134229242,TRUE
Pasiphaea sivado,1,2019,ITA_11_GIS_2019_60_6_18,0.293783144706193,0.00163011721207607,114.970622253127,TRUE
Porifera,1,2016,ESP_5_MOL_2016_214_6_17,1.27990397710858,0.00495885917902544,114.613871470577,TRUE
Peyssonnelia spp.,1,2020,ESP_5_MOL_2020_80_6_17,28.7800402464129,0.0212015496405374,111.472011501052,TRUE
Porifera,1,2021,ESP_5_MOL_2021_185_6_11,1.19187777170281,0.00495885917902544,109.104884309881,TRUE
Abralia veranyi,1,2013,ESP_5_COR_2013_148_6_16,0.0988182559087205,0.000740574436305921,108.886726512028,TRUE
Alcyonium palmatum,1,2020,ESP_6_MOL_2020_28_6_4,0.0911176245698993,0.000639317295738681,108.849080114912,TRUE
Mora moro,1,1998,ITA_11_NUS_1998_82_6_23,0.276474425377057,0.00178774593156794,108.815757295423,TRUE
Peyssonnelia spp.,1,2016,ESP_5_MOL_2016_192_6_11,24.4908030862339,0.0212015496405374,106.332098141999,TRUE
Desmacella annexa,1,2020,ESP_5_MOL_2020_70_6_15,0.0146321070234114,0.000103435118352295,105.473924541471,TRUE
Funiculina quadrangularis,1,2019,ESP_5_MOL_2019_197_6_17,0.110213078618663,0.000748560956093028,104.954350686128,TRUE
Laurencia chondrioides,1,2016,ESP_5_MOL_2016_183_6_9,0.0566230040391076,0.000423218952643684,104.354994339372,TRUE
Pagurus alatus,1,2018,ESP_5_MOL_2018_201_6_19,0.0621402801742341,0.000566388255373137,102.033280144703,TRUE
Munida rutllanti,1,2015,ESP_6_MOL_2015_163_6_2,0.172118311024436,0.00126251286757998,101.980949083519,TRUE
Alcyonium palmatum,1,2012,ESP_6_COR_2012_119_5_25,0.0844824802196028,0.000639317295738681,101.179120170734,TRUE
Maurolicus muelleri,1,2015,ESP_5_MOL_2015_218_6_16,0.0115466479927414,0.000135130952763966,100.702779162928,TRUE
Lepidopus caudatus,1,2015,ESP_6_MOL_2015_168_6_3,2.68031656574415,0.0103476872080149,100.267851334104,TRUE
Pasiphaea sivado,1,1994,ESP_6_COR_1994_71_6_17,0.251457340870913,0.00163011721207607,100.029195304607,TRUE
Porifera,1,2016,ESP_5_MOL_2016_215_6_17,1.05112715982721,0.00495885917902544,99.8190612275773,TRUE
Porifera,1,2013,ESP_5_COR_2013_170_6_21,1.04760128999289,0.00495885917902544,99.5783471387921,TRUE
Heteroteuthis dispar,1,2019,ESP_5_MOL_2019_188_6_15,0.0170939331273547,0.000231278470379704,99.1493672869224,TRUE
Euspira fusca,1,2006,ESP_6_COR_2006_90_5_29,0.0130818294900733,0.000110929385571828,98.2602700554251,TRUE
Cidaris cidaris,1,2019,ESP_5_MOL_2019_203_6_19,0.396310001563559,0.00309387879000152,98.1414331707654,TRUE
Chauliodus sloani,1,2011,ESP_5_COR_2011_162_6_19,0.168809679863281,0.00182877512380159,96.5492050887042,TRUE
Luidia ciliaris,1,2020,ESP_5_MOL_2020_78_6_17,0.771593316943159,0.00623160105354705,96.5378899185807,TRUE
Lepidopus caudatus,1,1997,ITA_11_NUS_1997_96_7_24,2.4934098995672,0.0103476872080149,96.2251579553963,TRUE
Hoplostethus mediterraneus mediterraneus,1,1998,ITA_11_NUS_1998_82_6_23,0.141297044065838,0.00118119716611853,94.2499290191712,TRUE
Funiculina quadrangularis,1,2015,ESP_5_MOL_2015_226_6_18,0.0982981512004289,0.000748560956093028,94.0446282895986,TRUE
Inachus dorsettensis,1,2008,ESP_5_COR_2008_162_6_15,0.242577483143521,0.00177743545687497,93.6320804051058,TRUE
Inachus thoracicus,1,2019,ESP_5_MOL_2019_211_6_21,1.77166778644891,0.00867105277419495,93.4775941619806,TRUE
Crystallogobius linearis,1,2013,ESP_5_COR_2013_180_6_24,0.0372706209954098,0.000393236808222667,93.0524943464032,TRUE
Pasiphaea sivado,1,2008,ESP_6_COR_2008_114_6_1,0.231934107993254,0.00163011721207607,92.9661637481797,TRUE
Adamsia palliata,1,2019,ESP_5_MOL_2019_181_6_13,0.0427908756788144,0.000366188919128642,91.5235609282777,TRUE
Processa nouveli,1,2000,ESP_6_COR_2000_80_6_15,0.0320788418499349,0.000361037499699438,91.2269753424532,TRUE
Ligur ensiferus,1,1997,ESP_6_COR_1997_80_5_29,0.00233956300472416,0.000135652591109638,90.3831759668225,TRUE
Gryphus vitreus,1,2019,ESP_5_MOL_2019_203_6_19,0.24379006619065,0.00167279146934657,90.1881478140965,TRUE
Macropodia rostrata,1,2020,ESP_5_MOL_2020_93_6_20,0.064287682275988,0.000741911311921773,90.1825829118319,TRUE
Neopycnodonte cochlear,1,2021,ESP_5_MOL_2021_185_6_11,5.61934268877954,0.0154898363106342,89.6542859372594,TRUE
Lepidopus caudatus,1,2001,ESP_6_COR_2001_97_6_7,2.18909707293687,0.0103476872080149,89.1558997770314,TRUE
Scaphander lignarius,1,2000,ESP_6_COR_2000_79_6_15,0.00829641688712177,9.44786667170553e-05,88.8952425460225,TRUE
Antedon mediterranea,1,2013,ESP_6_COR_2013_135_6_10,0.00944786667170553,9.41987075944075e-05,88.460780088892,TRUE
Peyssonnelia spp.,1,2019,ESP_5_MOL_2019_191_6_16,13.5048651735575,0.0212015496405374,87.6975581669759,TRUE
Peyssonnelia spp.,1,2014,ESP_5_MOL_2014_196_6_11,13.481178396072,0.0212015496405374,87.6435431080814,TRUE
Pasiphaea sivado,1,2003,ESP_6_COR_2003_93_5_16,0.216253947146716,0.00163011721207607,87.2119323378159,TRUE
Trachyrincus scabrus,1,2006,ESP_6_COR_2006_90_5_29,2.29666732116153,0.0104732965642192,86.3529923554277,TRUE
Cidaris cidaris,1,2012,ESP_5_COR_2012_158_6_6,0.340532284103982,0.00309387879000152,86.0448810555145,TRUE
Myctophidae,1,2009,ITA_11_GIS_2009_60_6_30,0.00704654007230941,0.000116524929041824,85.9233103513681,TRUE
Solenocera membranacea,1,2000,ESP_6_COR_2000_80_6_15,0.111512164525964,0.00103311249520636,85.174944246146,TRUE
Munida intermedia,1,2008,ESP_5_COR_2008_156_6_14,0.279136458700106,0.00242417190287798,84.8559173239701,TRUE
Gloiocladia furcata,1,2016,ESP_5_MOL_2016_192_6_11,0.0335477431518243,0.000315470809798064,84.047854183385,TRUE
Pseudaphya ferreri,1,2009,ESP_5_COR_2009_158_5_18,0.0751407953019191,0.000773373457159373,83.9595548924206,TRUE
Eusergestes arcticus,1,2001,ESP_6_COR_2001_107_6_10,0.0481162442036247,0.000498582599039572,83.60130672362,TRUE
Aequipecten opercularis,1,2014,ESP_5_MOL_2014_166_6_5,0.84782691068925,0.00564365934872171,82.1265703818163,TRUE
Mimachlamys varia,1,2020,ESP_5_MOL_2020_93_6_20,0.0622468034735757,0.000788258107234633,81.8604128195613,TRUE
Myctophidae,1,2009,ITA_11_GIS_2009_50_6_26,0.0067155424418628,0.000116524929041824,81.8328284308399,TRUE
Polycarpa pomaria,1,2013,ESP_5_COR_2013_152_6_17,0.0208223045703194,0.000319458198894675,81.4819435350163,TRUE
Eusergestes arcticus,1,1996,ESP_6_COR_1996_79_5_20,0.0468146008052111,0.000498582599039572,81.366965664097,TRUE
Solenocera membranacea,1,1996,ESP_6_COR_1996_73_5_19,0.105793963682362,0.00103311249520636,80.9785502001757,TRUE
Lepidopus caudatus,1,2005,ITA_11_GIS_2005_74_7_20,1.85726410182546,0.0103476872080149,80.6336438308959,TRUE
Funiculina quadrangularis,1,2017,ESP_5_MOL_2017_199_6_13,0.0837363340421128,0.000748560956093028,80.5494661109731,TRUE
Bryozoa,1,2019,ESP_5_MOL_2019_181_6_13,0.0684917948413406,0.000587695133149679,80.2998609695289,TRUE
Funiculina quadrangularis,1,2020,ESP_5_MOL_2020_70_6_15,0.0834110496526884,0.000748560956093028,80.2459425042683,TRUE
Funiculina quadrangularis,1,2018,ESP_5_MOL_2018_205_6_20,0.0827078949494328,0.000748560956093028,79.5895157133919,TRUE
Pasiphaea sivado,1,2010,ITA_11_GIS_2010_46_6_4,0.194865713871502,0.00163011721207607,79.2422100995936,TRUE
Meganyctiphanes norvegica,1,2008,ESP_6_COR_2008_115_6_1,0.0338175549957274,0.000757131115120877,78.8353539159404,TRUE
Dromia personata,1,2014,ESP_5_MOL_2014_204_6_13,0.0892359174567764,0.00136602878427109,78.7947330954518,TRUE
Solenocera membranacea,1,1994,ESP_6_COR_1994_72_6_17,0.102041686618101,0.00103311249520636,78.2130727178626,TRUE
Peyssonnelia spp.,1,2018,ESP_5_MOL_2018_197_6_18,9.82768919895574,0.0212015496405374,78.0345665518736,TRUE
Pasiphaea sivado,1,2002,ITA_11_NUS_2002_74_8_6,0.189139975989815,0.00163011721207607,77.0844624304918,TRUE
Pasiphaea sivado,1,2013,ESP_5_COR_2013_149_6_16,0.188595701541635,0.00163011721207607,76.8788118093961,TRUE
Ophiacantha setosa,1,2016,ESP_5_MOL_2016_186_6_10,0.006728120364484,8.03961924363262e-05,76.6988350520839,TRUE
Solenocera membranacea,1,1994,ESP_6_COR_1994_71_6_17,0.0993918226284502,0.00103311249520636,76.2544094820088,TRUE
Deltentosteus quadrimaculatus,1,2010,ESP_5_COR_2010_101_6_17,0.43924065674304,0.00386682496766184,75.9541506005673,TRUE
Alcyonium palmatum,1,2015,ESP_6_MOL_2015_156_5_31,0.0617939752555137,0.000639317295738681,74.5928850688499,TRUE
Porifera,1,2014,ESP_5_MOL_2014_205_6_13,0.712448050662973,0.00495885917902544,74.5698092029208,TRUE
Sepietta oweniana,1,2013,ESP_5_COR_2013_179_6_23,0.32234978204423,0.00281227501799856,74.5273894767407,TRUE
Thenea muricata,1,2014,ESP_5_MOL_2014_191_6_10,0.0161738284791244,0.000156907048264608,74.4225081204204,TRUE
Chlorotocus crassicornis,1,2002,ITA_11_NUS_2002_40_7_26,0.0563493945561842,0.000732044378872789,74.2335290657222,TRUE
Argentina sphyraena,1,2014,ITA_11_GIS_2014_42_8_2,1.70942995478602,0.0113697587753156,74.1739573735782,TRUE
Stomias boa boa,1,2011,ESP_5_COR_2011_163_6_19,0.148234644740061,0.00164651735575639,73.5463699634661,TRUE
Parthenopoides massena,1,2020,ESP_5_MOL_2020_89_6_19,0.0192181534966924,0.000432085542242806,73.2827764661331,TRUE
Pasiphaea sivado,1,1999,ESP_6_COR_1999_89_5_27,0.177273319365614,0.00163011721207607,72.5792314129182,TRUE
Benthosema glaciale,1,2011,ESP_5_COR_2011_163_6_19,0.00730219924827885,0.000124127832490247,72.4319918461749,TRUE
Aporrhais serresianus,1,1996,ESP_6_COR_1996_74_5_19,0.00391436786517494,6.35947235457874e-05,72.4043705148427,TRUE
Alcyonium palmatum,1,2021,ESP_6_MOL_2021_150_5_31,0.0597526084598122,0.000639317295738681,72.1730316865502,TRUE
Lepidopus caudatus,1,1996,ESP_6_COR_1996_82_5_20,1.55475890908503,0.0103476872080149,71.9536659015996,TRUE
Gryphus vitreus,1,2014,ESP_5_MOL_2014_221_6_17,0.190343324648207,0.00167279146934657,71.8909483996146,TRUE
Aporrhais serresianus,1,1996,ESP_6_COR_1996_73_5_19,0.00386576861887982,6.35947235457874e-05,71.4923121396673,TRUE
Gryphus vitreus,1,2020,ESP_5_MOL_2020_60_6_13,0.189203228642212,0.00167279146934657,71.4917532960629,TRUE
Pagurus prideaux,1,2014,ESP_5_MOL_2014_166_6_5,1.89458527528324,0.0104707824896299,71.2663784273944,TRUE
Aplidium nordmanni,1,2012,ESP_5_COR_2012_143_6_2,0.138697478991597,0.00131593738674544,70.6752030608833,TRUE
Alpheus glaber,1,1999,ESP_6_COR_1999_89_5_27,0.0218637093884257,0.000316555872111428,70.5876645135473,TRUE
