AreaID,Year,FG_num,FG_name,mean_density,n_strata_contributing,n_samples_total
1,2014,78,Other macro-benthos,0.109992601648127,4,74
1,2014,44,Flatfishes,1.23685671351288,4,74
1,2014,53,No commercial small demersal fish,0.26023681713116,4,74
1,2014,35,Sparidae+,1.68701903054087,4,74
1,2014,43,Labridae and serranidae+,0.136148791303336,3,42
1,2014,89,Seaweeds,0.0608803227501119,2,24
1,2014,74,Non-commercial decapods,0.153625146871488,4,74
1,2014,58,Rays and skates,1.93523758943516,4,74
1,2014,65,Gastropods,0.00275183776290408,4,74
1,2014,79,Jellyfish,0.643244984460351,4,74
1,2014,61,Benthopelagic cephalopods,0.185988129355883,4,74
1,2014,60,Coastal benthic cephalopods,0.254736531154883,4,74
1,2014,34,Common pandora,0.0436395667464688,3,42
1,2014,40,Scorpaenidae+,0.573900628634742,4,74
1,2014,55,Small-spotted catshark,0.687656761871166,4,74
1,2014,63,Other benthic cephalopods,0.0494352680398003,4,74
1,2014,75,Purple sea urchin,0.950131835013668,4,74
1,2014,24,Other small pelagic fish,2.04321280532236,4,74
1,2014,46,No commercial medium demersal fish,0.287742037436217,3,42
1,2014,45,Other commercial medium demersal fish,0.172363963068719,4,74
1,2015,44,Flatfishes,0.336477785475045,4,77
1,2015,53,No commercial small demersal fish,0.266054710747343,4,77
1,2015,58,Rays and skates,2.2052097690582,4,77
1,2015,63,Other benthic cephalopods,0.0678596743725047,4,77
1,2015,61,Benthopelagic cephalopods,0.0950185613613526,4,77
1,2015,78,Other macro-benthos,0.0606306614449413,4,77
1,2015,60,Coastal benthic cephalopods,0.214316867479812,3,44
1,2015,40,Scorpaenidae+,0.294522864622409,4,77
1,2015,55,Small-spotted catshark,0.469697036797369,4,77
1,2015,43,Labridae and serranidae+,0.116194475955699,3,44
1,2015,75,Purple sea urchin,0.412595121585231,4,77
1,2015,46,No commercial medium demersal fish,0.161708175029832,4,77
1,2015,45,Other commercial medium demersal fish,0.147728221782121,4,77
1,2016,78,Other macro-benthos,0.130513694240427,4,71
1,2016,64,Bivalves,0.0189733451973965,4,71
1,2016,44,Flatfishes,0.618971106103238,4,71
1,2016,53,No commercial small demersal fish,0.45755612176227,4,71
1,2016,35,Sparidae+,0.945976534973808,4,71
1,2016,74,Non-commercial decapods,0.190714407838669,4,71
1,2016,58,Rays and skates,1.65138485446,4,71
1,2016,89,Seaweeds,0.111023527572588,2,22
1,2016,63,Other benthic cephalopods,0.0623958627631548,4,71
1,2016,11,Pelagic sharks,0.293802222828383,1,1
1,2016,50,Red mullet,0.0412221098073376,4,71
1,2016,60,Coastal benthic cephalopods,0.18413275615419,3,41
1,2016,65,Gastropods,0.00386974342087153,4,71
1,2016,86,Mediterranean seagrass,0.133530118156335,2,22
1,2016,75,Purple sea urchin,0.572077117385885,4,71
1,2016,40,Scorpaenidae+,0.622950119608364,4,71
1,2016,39,Red scorpionfish,0.0389565539655955,3,41
1,2016,55,Small-spotted catshark,0.493482004035447,4,71
1,2016,43,Labridae and serranidae+,0.178258372490804,3,41
1,2016,24,Other small pelagic fish,0.964389680031707,4,71
1,2016,46,No commercial medium demersal fish,0.192747661889985,4,71
1,2016,45,Other commercial medium demersal fish,0.183691995287863,4,71
1,2016,17,Horse mackerels,12.1673960151838,4,71
1,2017,78,Other macro-benthos,0.101541167579529,4,72
1,2017,82,Other corals and gorgonians,0.000854146721113823,4,72
1,2017,44,Flatfishes,0.554149090729369,4,72
1,2017,53,No commercial small demersal fish,0.227186318449326,4,72
1,2017,74,Non-commercial decapods,0.138561972363172,4,72
1,2017,89,Seaweeds,0.140319024796027,4,72
1,2017,40,Scorpaenidae+,0.623888293602278,4,72
1,2017,63,Other benthic cephalopods,0.0813586839684342,4,72
1,2017,77,Sea cucumbers,0.00872072939518719,4,72
1,2017,61,Benthopelagic cephalopods,0.154320017039202,4,72
1,2017,58,Rays and skates,1.43536808992673,4,72
1,2017,60,Coastal benthic cephalopods,0.515506535026533,4,72
1,2017,34,Common pandora,0.0608118376258212,4,72
1,2017,65,Gastropods,0.00319528432899945,4,72
1,2017,86,Mediterranean seagrass,0.021484689521128,2,19
1,2017,75,Purple sea urchin,0.159632524761767,4,72
1,2017,39,Red scorpionfish,0.0684804621100371,4,72
1,2017,55,Small-spotted catshark,0.667571738246895,4,72
1,2017,43,Labridae and serranidae+,0.258838931560819,4,72
1,2017,46,No commercial medium demersal fish,0.19168160185357,4,72
1,2017,45,Other commercial medium demersal fish,0.11295002716981,4,72
1,2021,78,Other macro-benthos,0.104487681618573,4,85
1,2021,44,Flatfishes,0.544610419125276,4,85
1,2021,74,Non-commercial decapods,0.168900735939135,4,85
1,2021,58,Rays and skates,2.08892991532606,4,85
1,2021,89,Seaweeds,0.115730949017193,2,26
1,2021,53,No commercial small demersal fish,0.743741406046936,4,85
1,2021,77,Sea cucumbers,0.00960884918051924,4,85
1,2021,61,Benthopelagic cephalopods,0.269402594000731,4,85
1,2021,64,Bivalves,0.0258955545443307,4,85
1,2021,60,Coastal benthic cephalopods,0.22936431114002,4,85
1,2021,34,Common pandora,0.0619764670814352,3,44
1,2021,65,Gastropods,0.00228582359721984,4,85
1,2021,86,Mediterranean seagrass,0.059770449496404,2,26
1,2021,19,European sardine adult,1.31388674540424,3,44
1,2021,40,Scorpaenidae+,0.522385232566946,4,85
1,2021,39,Red scorpionfish,0.0313358319929447,3,44
1,2021,55,Small-spotted catshark,0.477200484938479,4,85
1,2021,63,Other benthic cephalopods,0.0372694749006878,4,85
1,2021,43,Labridae and serranidae+,0.150171486369354,4,85
1,2021,75,Purple sea urchin,0.36544481027048,4,85
1,2021,24,Other small pelagic fish,0.49122918687061,4,85
1,2021,46,No commercial medium demersal fish,0.17895334684744,3,44
1,2021,45,Other commercial medium demersal fish,0.136978675690889,4,85
1,2021,17,Horse mackerels,5.38314709236299,4,85
1,1995,74,Non-commercial decapods,0.103236152492951,3,19
1,1995,61,Benthopelagic cephalopods,0.0562406277794699,3,19
1,1995,44,Flatfishes,1.18541946468615,3,19
1,1995,53,No commercial small demersal fish,0.0160535829614139,3,19
1,1995,35,Sparidae+,0.213369745890301,3,19
1,1995,40,Scorpaenidae+,0.0598588805541796,3,19
1,1995,37,Common two-banded seabream,0.0107693412369096,1,1
1,1995,46,No commercial medium demersal fish,0.0908392661990866,2,4
1,1995,63,Other benthic cephalopods,0.128101651560437,3,19
1,1995,27,Anglerfish,0.166496529778848,3,19
1,1995,29,European hake juv.,0.20786233095903,3,19
1,1995,50,Red mullet,0.11189267886691,2,4
1,1995,51,Surmullet,0.00988055069431908,2,16
1,1995,60,Coastal benthic cephalopods,0.0932376591187276,3,19
1,1995,34,Common pandora,0.0111713966430876,1,1
1,1995,64,Bivalves,0.00415736614001044,3,19
1,1995,43,Labridae and serranidae+,0.0197356592884605,2,4
1,1995,24,Other small pelagic fish,0.0264782203211484,1,1
1,1995,17,Horse mackerels,0.180975096427861,3,19
1,1996,61,Benthopelagic cephalopods,0.0354052719870397,3,31
1,1996,49,Transparent gobies,5.83383510284855e-05,1,2
1,1996,44,Flatfishes,0.172637707685359,3,31
1,1996,53,No commercial small demersal fish,0.217944871287882,3,31
1,1996,35,Sparidae+,1.27104568669878,3,31
1,1996,46,No commercial medium demersal fish,0.113588676559595,3,31
1,1996,40,Scorpaenidae+,0.135020787907545,3,31
1,1996,28,European conger,0.0351818260321339,3,31
1,1996,74,Non-commercial decapods,0.120847487885514,3,31
1,1996,37,Common two-banded seabream,0.00329039322494329,1,2
1,1996,63,Other benthic cephalopods,0.183194004970272,3,31
1,1996,21,European anchovy juv.,0.415969698831183,1,2
1,1996,65,Gastropods,0.000416859017997917,3,31
1,1996,27,Anglerfish,0.167948224026395,3,31
1,1996,29,European hake juv.,0.586220315847183,3,31
1,1996,50,Red mullet,0.0755711278154996,2,10
1,1996,51,Surmullet,0.0351449799124861,3,31
1,1996,60,Coastal benthic cephalopods,0.0330712230511331,3,31
1,1996,34,Common pandora,0.0161192297311829,1,2
1,1996,58,Rays and skates,0.0993285795689317,3,31
1,1996,23,Round sardinella,0.0685924011589769,1,2
1,1996,55,Small-spotted catshark,0.229481434284027,3,31
1,1996,43,Labridae and serranidae+,0.0417783835477693,2,10
1,1996,24,Other small pelagic fish,0.0259166136148594,2,10
1,1996,59,Torpedos,0.00932837359878442,1,2
1,1996,17,Horse mackerels,0.96377036630192,3,31
1,1996,32,Poor cod,0.00486992535609756,2,10
1,1997,61,Benthopelagic cephalopods,0.0497178756114172,3,25
1,1997,44,Flatfishes,0.238948157225756,3,25
1,1997,35,Sparidae+,0.290775484158806,3,25
1,1997,53,No commercial small demersal fish,0.405111765306751,3,25
1,1997,46,No commercial medium demersal fish,0.0305791727305139,3,25
1,1997,40,Scorpaenidae+,0.0658204678804686,3,25
1,1997,74,Non-commercial decapods,0.0769831743428745,3,25
1,1997,37,Common two-banded seabream,0.0021651348365165,1,2
1,1997,63,Other benthic cephalopods,0.105227886002127,3,25
1,1997,65,Gastropods,0.000501049235538176,3,25
1,1997,25,Benthopelagic fishes,0.0316571450554353,2,19
1,1997,27,Anglerfish,0.201444274976853,3,25
1,1997,29,European hake juv.,0.353886484479759,3,25
1,1997,50,Red mullet,0.0306963325494105,2,8
1,1997,34,Common pandora,0.00378399657353726,1,2
1,1997,77,Sea cucumbers,0.00661225438650155,3,25
1,1997,55,Small-spotted catshark,0.236021092436322,3,25
1,1997,43,Labridae and serranidae+,0.00503161276584481,2,8
1,1997,24,Other small pelagic fish,0.00969730561182794,2,8
1,1997,17,Horse mackerels,0.461141770686314,3,25
1,1997,32,Poor cod,0.0101590033268735,2,8
1,1997,45,Other commercial medium demersal fish,0.124475172320945,3,25
1,1998,64,Bivalves,0.00960032196269296,1,1
1,1998,61,Benthopelagic cephalopods,0.0687248054102567,3,16
1,1998,43,Labridae and serranidae+,0.0926913122796105,1,1
1,1998,44,Flatfishes,0.120615241821659,3,16
1,1998,53,No commercial small demersal fish,1.09826345665714,3,16
1,1998,35,Sparidae+,1.50392601440106,3,16
1,1998,74,Non-commercial decapods,0.0983493856566201,2,13
1,1998,65,Gastropods,4.68308388424047e-05,1,1
1,1998,46,No commercial medium demersal fish,0.0765612679505741,1,1
1,1998,40,Scorpaenidae+,0.2771327157348,3,16
1,1998,28,European conger,0.0792557079962309,2,13
1,1998,37,Common two-banded seabream,0.0222509320682042,1,1
1,1998,63,Other benthic cephalopods,0.148166206978051,3,16
1,1998,21,European anchovy juv.,0.0158541902331058,1,1
1,1998,25,Benthopelagic fishes,0.0569437529425856,2,13
1,1998,29,European hake juv.,0.240727480747959,3,16
1,1998,50,Red mullet,0.0682788846999957,2,4
1,1998,51,Surmullet,0.210704898148309,3,16
1,1998,34,Common pandora,0.0652225742698207,1,1
1,1998,45,Other commercial medium demersal fish,0.176979411091122,3,16
1,1998,16,Mackerels,0.0323768762367242,1,1
1,1998,55,Small-spotted catshark,0.077578346958694,2,13
1,1998,24,Other small pelagic fish,0.0306295243013273,1,1
1,1998,17,Horse mackerels,0.278269082999979,2,4
1,1998,32,Poor cod,0.0611164745047038,2,4
1,1999,61,Benthopelagic cephalopods,0.114368120203175,3,27
1,1999,53,No commercial small demersal fish,0.14863148131873,3,27
1,1999,46,No commercial medium demersal fish,0.0355650248326622,3,27
1,1999,44,Flatfishes,0.40172962556707,3,27
1,1999,37,Common two-banded seabream,0.00345826542181442,1,1
1,1999,63,Other benthic cephalopods,0.17040031800427,3,27
1,1999,40,Scorpaenidae+,0.157482502519011,3,27
1,1999,27,Anglerfish,0.0918260019988753,3,27
1,1999,74,Non-commercial decapods,0.0724745808793267,3,27
1,1999,29,European hake juv.,0.794896497013624,3,27
1,1999,50,Red mullet,0.0608167458409666,2,6
1,1999,51,Surmullet,0.106762543817437,3,27
1,1999,35,Sparidae+,0.097362512206837,3,27
1,1999,34,Common pandora,0.0584701224922853,2,6
1,1999,64,Bivalves,0.000322220153713474,2,6
1,1999,43,Labridae and serranidae+,0.00505177955928013,2,6
1,1999,24,Other small pelagic fish,0.00523762430832919,2,6
1,1999,65,Gastropods,0.000391875701530718,2,22
1,1999,17,Horse mackerels,0.122353910512965,3,27
1,1999,32,Poor cod,0.0409235118399567,3,27
1,1999,45,Other commercial medium demersal fish,0.0814946801348469,3,27
1,2000,61,Benthopelagic cephalopods,0.123220396448762,3,28
1,2000,74,Non-commercial decapods,0.164239051272357,3,28
1,2000,54,Bathydemersal (deep sea) fish,0.383943987393587,3,28
1,2000,44,Flatfishes,0.247717053860738,3,28
1,2000,64,Bivalves,0.0103294334460345,3,28
1,2000,53,No commercial small demersal fish,0.190901350675589,3,28
1,2000,65,Gastropods,0.00110678082324458,3,28
1,2000,35,Sparidae+,1.5910005601547,3,28
1,2000,46,No commercial medium demersal fish,0.0540989449746873,2,8
1,2000,40,Scorpaenidae+,0.13995047862809,3,28
1,2000,28,European conger,0.0258795778549448,3,28
1,2000,63,Other benthic cephalopods,0.180558686884704,3,28
1,2000,45,Other commercial medium demersal fish,0.110442308644299,3,28
1,2000,27,Anglerfish,0.286303055463624,3,28
1,2000,29,European hake juv.,0.313401501878553,3,28
1,2000,50,Red mullet,0.0372032109422844,2,8
1,2000,51,Surmullet,0.0174596416947447,3,28
1,2000,60,Coastal benthic cephalopods,0.0589406970365816,2,8
1,2000,34,Common pandora,0.0504796099652689,1,2
1,2000,77,Sea cucumbers,0.00400118041761809,3,28
1,2000,19,European sardine adult,0.0571111041139941,1,2
1,2000,23,Round sardinella,0.491918724760296,2,8
1,2000,15,Other large pelagic fishes,0.0407876263703307,1,2
1,2000,43,Labridae and serranidae+,0.0119066748493231,2,8
1,2000,24,Other small pelagic fish,0.0759963273183601,3,28
1,2000,73,Other commercial decapods,0.000116353424256746,1,2
1,2000,17,Horse mackerels,1.70143373589756,3,28
1,2000,32,Poor cod,0.0424629256533717,3,28
1,2001,61,Benthopelagic cephalopods,0.0605266121879862,3,22
1,2001,49,Transparent gobies,0.000364097857002785,1,2
1,2001,44,Flatfishes,0.17972710978302,3,22
1,2001,53,No commercial small demersal fish,0.359175745706359,3,22
1,2001,65,Gastropods,0.000363885479578398,3,22
1,2001,35,Sparidae+,0.261267752266928,3,22
1,2001,46,No commercial medium demersal fish,0.0472973687867225,2,19
1,2001,28,European conger,0.0194067533021914,3,22
1,2001,74,Non-commercial decapods,0.124446599260574,3,22
1,2001,37,Common two-banded seabream,0.0129504575031921,1,2
1,2001,63,Other benthic cephalopods,0.0963036249066631,3,22
1,2001,21,European anchovy juv.,0.0489916242571306,1,2
1,2001,40,Scorpaenidae+,0.732621955576026,3,22
1,2001,27,Anglerfish,0.242672629354041,3,22
1,2001,26,No commercial meso (bathy) pelagic fishes,0.406042257164291,3,22
1,2001,29,European hake juv.,0.657148014333702,3,22
1,2001,50,Red mullet,0.0283263541939368,2,5
1,2001,60,Coastal benthic cephalopods,0.0768797151827843,3,22
1,2001,34,Common pandora,0.111312882084675,1,2
1,2001,43,Labridae and serranidae+,0.0202941187957171,2,5
1,2001,24,Other small pelagic fish,0.0633727771679325,1,2
1,2001,17,Horse mackerels,0.30636027341082,2,5
1,2001,32,Poor cod,0.0312022550863952,2,5
1,2001,45,Other commercial medium demersal fish,0.202729902312573,3,22
1,2002,61,Benthopelagic cephalopods,0.152488441218119,3,23
1,2002,44,Flatfishes,0.0633795469896292,3,23
1,2002,35,Sparidae+,2.98671557151785,3,23
1,2002,65,Gastropods,0.000246858699086441,3,23
1,2002,46,No commercial medium demersal fish,0.077145341477571,3,23
1,2002,28,European conger,0.0300471162960097,3,23
1,2002,74,Non-commercial decapods,0.140616843365042,3,23
1,2002,53,No commercial small demersal fish,0.0308297069042967,3,23
1,2002,37,Common two-banded seabream,0.0167763024657173,1,2
1,2002,63,Other benthic cephalopods,0.155300721743157,3,23
1,2002,21,European anchovy juv.,0.470499274101668,2,9
1,2002,40,Scorpaenidae+,0.0283975816690619,3,23
1,2002,27,Anglerfish,0.136199852095233,3,23
1,2002,26,No commercial meso (bathy) pelagic fishes,0.538594215548843,3,23
1,2002,29,European hake juv.,0.563173428212202,3,23
1,2002,50,Red mullet,0.0688682507874565,2,9
1,2002,51,Surmullet,0.00319973522387808,1,2
1,2002,60,Coastal benthic cephalopods,0.02505370649941,2,9
1,2002,62,Mesopelagic cephalopods,0.0012687773703706,2,16
1,2002,34,Common pandora,0.13703272129817,2,9
1,2002,77,Sea cucumbers,0.0013040969317127,2,9
1,2002,19,European sardine adult,0.470524134488344,2,9
1,2002,23,Round sardinella,0.610657735679767,2,9
1,2002,16,Mackerels,0.1709038089156,2,9
1,2002,55,Small-spotted catshark,0.48733142192331,3,23
1,2002,43,Labridae and serranidae+,0.0141047685670291,2,9
1,2002,24,Other small pelagic fish,0.899805728776511,2,9
1,2002,17,Horse mackerels,1.16622154769347,3,23
1,2003,74,Non-commercial decapods,0.114365745142606,3,29
1,2003,61,Benthopelagic cephalopods,0.0731165826885564,3,29
1,2003,43,Labridae and serranidae+,0.0180037401429496,3,29
1,2003,49,Transparent gobies,0.00098052463840045,2,24
1,2003,65,Gastropods,0.000194852489921515,3,29
1,2003,44,Flatfishes,0.0657126662678096,3,29
1,2003,53,No commercial small demersal fish,0.234960970819443,3,29
1,2003,35,Sparidae+,0.64302060237592,3,29
1,2003,26,No commercial meso (bathy) pelagic fishes,0.163194183700373,3,29
1,2003,46,No commercial medium demersal fish,0.0322863267647882,3,29
1,2003,40,Scorpaenidae+,0.439579360995296,3,29
1,2003,28,European conger,0.0159289945184976,3,29
1,2003,64,Bivalves,0.0040494696285448,2,24
1,2003,37,Common two-banded seabream,0.0114981348421581,2,10
1,2003,63,Other benthic cephalopods,0.0968619993788197,3,29
1,2003,21,European anchovy juv.,1.91378847029975,3,29
1,2003,27,Anglerfish,0.17118894349355,3,29
1,2003,29,European hake juv.,0.512479128682105,3,29
1,2003,50,Red mullet,0.0466870560988945,2,10
1,2003,51,Surmullet,0.00778755567850344,3,29
1,2003,60,Coastal benthic cephalopods,0.0137248970374672,2,10
1,2003,34,Common pandora,0.0321954926647541,2,10
1,2003,77,Sea cucumbers,0.00319095614456543,3,29
1,2003,45,Other commercial medium demersal fish,0.13826669503279,3,29
1,2003,58,Rays and skates,0.299563243553579,3,29
1,2003,19,European sardine adult,1.9921803225808,2,10
1,2003,23,Round sardinella,0.0344849333643768,1,5
1,2003,16,Mackerels,0.0329031416373899,2,10
1,2003,55,Small-spotted catshark,0.442484194700963,3,29
1,2003,24,Other small pelagic fish,0.0802608264896529,2,10
1,2003,73,Other commercial decapods,0.000870898362118974,1,5
1,2003,17,Horse mackerels,0.318368105048081,3,29
1,2003,32,Poor cod,0.0589472964842563,2,10
1,2004,74,Non-commercial decapods,0.234129270238778,3,27
1,2004,61,Benthopelagic cephalopods,0.0527772386188623,3,27
1,2004,43,Labridae and serranidae+,0.017457299752583,2,10
1,2004,49,Transparent gobies,0.0334342228511756,2,21
1,2004,65,Gastropods,0.000474282997184802,3,27
1,2004,35,Sparidae+,1.08382217356854,3,27
1,2004,53,No commercial small demersal fish,0.0549616540676232,3,27
1,2004,46,No commercial medium demersal fish,0.0665004635510558,2,10
1,2004,40,Scorpaenidae+,0.101650647919806,3,27
1,2004,44,Flatfishes,0.140949420729351,3,27
1,2004,28,European conger,0.0471677102547213,3,27
1,2004,37,Common two-banded seabream,0.0081351329133778,1,4
1,2004,63,Other benthic cephalopods,0.120796094305645,3,27
1,2004,21,European anchovy juv.,0.0484783316105598,2,10
1,2004,64,Bivalves,0.00564843574323139,3,27
1,2004,27,Anglerfish,0.151704736701636,3,27
1,2004,29,European hake juv.,0.579658716064613,3,27
1,2004,50,Red mullet,0.0670719743855166,3,27
1,2004,60,Coastal benthic cephalopods,0.0211094238854631,3,27
1,2004,34,Common pandora,0.0360305157834206,1,4
1,2004,77,Sea cucumbers,0.00681478278320024,3,27
1,2004,19,European sardine adult,0.535751344997079,2,10
1,2004,23,Round sardinella,0.0194993903259674,2,10
1,2004,16,Mackerels,0.0773726282344034,2,10
1,2004,55,Small-spotted catshark,0.325386208804855,3,27
1,2004,24,Other small pelagic fish,0.104660483763171,2,10
1,2004,59,Torpedos,0.00434180295430922,1,4
1,2004,17,Horse mackerels,3.59372583214137,3,27
1,2004,32,Poor cod,0.0358937439518575,3,27
1,2004,45,Other commercial medium demersal fish,0.129631001044652,3,27
1,2005,64,Bivalves,0.00696254398482776,3,16
1,2005,74,Non-commercial decapods,0.221364893983779,3,16
1,2005,61,Benthopelagic cephalopods,0.0514010287466301,3,16
1,2005,43,Labridae and serranidae+,0.0795068982113645,2,5
1,2005,49,Transparent gobies,0.000295306986635363,2,5
1,2005,44,Flatfishes,0.136619186372641,3,16
1,2005,53,No commercial small demersal fish,0.0618339603691972,3,16
1,2005,35,Sparidae+,0.28888919742105,3,16
1,2005,65,Gastropods,0.000508345708987545,3,16
1,2005,40,Scorpaenidae+,0.0990767094186617,3,16
1,2005,28,European conger,0.0559837839791666,3,16
1,2005,37,Common two-banded seabream,0.00172675149435438,1,2
1,2005,63,Other benthic cephalopods,0.133847168608034,3,16
1,2005,21,European anchovy juv.,0.0138034154236008,1,2
1,2005,27,Anglerfish,0.181416565375368,3,16
1,2005,29,European hake juv.,0.340722488415621,3,16
1,2005,50,Red mullet,0.0376535557950988,2,5
1,2005,51,Surmullet,0.0101239300961597,3,16
1,2005,60,Coastal benthic cephalopods,0.0280495483921004,2,5
1,2005,46,No commercial medium demersal fish,0.0229088037955208,3,16
1,2005,34,Common pandora,0.0226540202995438,1,2
1,2005,77,Sea cucumbers,0.00523013165028173,3,16
1,2005,45,Other commercial medium demersal fish,0.0709679829702461,3,16
1,2005,24,Other small pelagic fish,0.00489435977842646,2,5
1,2005,17,Horse mackerels,0.426704273207221,3,16
1,2006,61,Benthopelagic cephalopods,0.0308060286280395,3,21
1,2006,49,Transparent gobies,0.00104215205569667,2,7
1,2006,65,Gastropods,0.0010313515335451,3,21
1,2006,44,Flatfishes,0.196057862919099,3,21
1,2006,35,Sparidae+,1.23028616570721,3,21
1,2006,53,No commercial small demersal fish,0.0343330777054546,3,21
1,2006,46,No commercial medium demersal fish,0.0847654151284433,3,21
1,2006,40,Scorpaenidae+,0.164506269698771,3,21
1,2006,28,European conger,0.102671396334063,3,21
1,2006,74,Non-commercial decapods,0.156407999262337,3,21
1,2006,37,Common two-banded seabream,0.00258457753516772,1,3
1,2006,63,Other benthic cephalopods,0.11627301717808,3,21
1,2006,27,Anglerfish,0.240251820171548,3,21
1,2006,29,European hake juv.,0.590035219064989,3,21
1,2006,50,Red mullet,0.130120886176498,2,7
1,2006,51,Surmullet,0.00124129968616317,2,17
1,2006,60,Coastal benthic cephalopods,0.018067170554789,3,21
1,2006,34,Common pandora,0.0178335849926573,1,3
1,2006,64,Bivalves,0.00360796661868724,3,21
1,2006,19,European sardine adult,0.00712783428661945,1,3
1,2006,23,Round sardinella,0.0565894535955732,1,3
1,2006,16,Mackerels,0.0615263757732813,2,7
1,2006,55,Small-spotted catshark,0.515379292177412,3,21
1,2006,43,Labridae and serranidae+,0.0269986261222045,2,7
1,2006,24,Other small pelagic fish,0.0378751060602546,1,3
1,2006,17,Horse mackerels,0.555743153109892,2,7
1,2006,32,Poor cod,0.647780933185865,3,21
1,2006,45,Other commercial medium demersal fish,0.149257543009945,3,21
1,2007,64,Bivalves,0.00275445296056904,2,39
1,2007,74,Non-commercial decapods,0.17326215277631,3,63
1,2007,61,Benthopelagic cephalopods,0.062984055686843,3,63
1,2007,43,Labridae and serranidae+,0.259012081659555,3,63
1,2007,65,Gastropods,0.00103694758023727,3,63
1,2007,54,Bathydemersal (deep sea) fish,3.62394661352835,3,63
1,2007,44,Flatfishes,0.336903618283009,3,63
1,2007,53,No commercial small demersal fish,0.664604205391159,3,63
1,2007,35,Sparidae+,2.00422092327975,3,63
1,2007,46,No commercial medium demersal fish,0.17748613382605,3,63
1,2007,40,Scorpaenidae+,0.429986385183974,3,63
1,2007,28,European conger,0.0225694338405625,3,63
1,2007,58,Rays and skates,1.09131605487474,3,63
1,2007,38,Common dentex,0.00894599325213461,1,24
1,2007,37,Common two-banded seabream,0.021139849075634,1,24
1,2007,63,Other benthic cephalopods,0.0791823602438002,3,63
1,2007,21,European anchovy juv.,0.280039169328364,2,39
1,2007,45,Other commercial medium demersal fish,0.170606611541109,3,63
1,2007,49,Transparent gobies,0.00039293541286468,1,24
1,2007,27,Anglerfish,0.194624598657138,3,63
1,2007,29,European hake juv.,0.381435681351806,3,63
1,2007,50,Red mullet,0.118118183643623,2,39
1,2007,51,Surmullet,0.414822965198626,3,63
1,2007,57,Other small demersal sharks,0.010578020743038,3,63
1,2007,60,Coastal benthic cephalopods,0.217666207745265,3,63
1,2007,34,Common pandora,0.0601608442601234,2,39
1,2007,72,European lobster,0.00824037020384332,3,63
1,2007,77,Sea cucumbers,0.0123607490331402,3,63
1,2007,19,European sardine adult,4.00860115484057,2,39
1,2007,23,Round sardinella,0.0763004621159307,2,39
1,2007,16,Mackerels,0.0980031634661168,2,39
1,2007,39,Red scorpionfish,0.0406684579234692,2,39
1,2007,55,Small-spotted catshark,0.414352571438901,3,63
1,2007,18,Other medium pelagic fishes,0.00968056708274776,1,24
1,2007,24,Other small pelagic fish,0.858876766438656,2,39
1,2007,59,Torpedos,0.00174527346486658,2,39
1,2007,17,Horse mackerels,26.5967297438081,3,63
1,2007,32,Poor cod,0.0370755424822861,3,63
1,2008,64,Bivalves,0.00853388155978422,3,68
1,2008,61,Benthopelagic cephalopods,0.0667208625856346,3,68
1,2008,43,Labridae and serranidae+,0.113438109192639,3,68
1,2008,49,Transparent gobies,3.18562791977423e-05,2,40
1,2008,65,Gastropods,0.000980721493255861,3,68
1,2008,44,Flatfishes,0.138520925846931,3,68
1,2008,74,Non-commercial decapods,0.108382229255637,3,68
1,2008,53,No commercial small demersal fish,0.489406570639175,3,68
1,2008,35,Sparidae+,1.76338431433125,3,68
1,2008,46,No commercial medium demersal fish,0.0743176787323811,3,68
1,2008,40,Scorpaenidae+,0.249789824432074,3,68
1,2008,58,Rays and skates,0.792765367196605,3,68
1,2008,37,Common two-banded seabream,0.00502007802694878,1,22
1,2008,63,Other benthic cephalopods,0.0508177781149889,3,68
1,2008,27,Anglerfish,0.192602924812455,3,68
1,2008,29,European hake juv.,0.212423018598427,3,68
1,2008,31,Other commercial large demersal fish,0.00597173489823882,2,50
1,2008,50,Red mullet,0.0618907881438297,2,40
1,2008,51,Surmullet,0.132740457097167,3,68
1,2008,57,Other small demersal sharks,0.00539547242895376,3,68
1,2008,60,Coastal benthic cephalopods,0.297036355559322,2,40
1,2008,34,Common pandora,0.05305870284748,2,40
1,2008,73,Other commercial decapods,0.00160566275986126,1,22
1,2008,77,Sea cucumbers,0.0188390639969176,3,68
1,2008,45,Other commercial medium demersal fish,0.167412992530966,3,68
1,2008,19,European sardine adult,1.22559048663477,2,40
1,2008,23,Round sardinella,0.164849719312905,2,40
1,2008,16,Mackerels,0.00800106207272792,2,40
1,2008,39,Red scorpionfish,0.0447669224495983,2,40
1,2008,55,Small-spotted catshark,0.355191877035341,3,68
1,2008,24,Other small pelagic fish,0.532018186098218,3,68
1,2008,17,Horse mackerels,9.639798355831,3,68
1,2008,32,Poor cod,0.0190196640881786,3,68
1,2009,74,Non-commercial decapods,0.0924878439593851,3,68
1,2009,61,Benthopelagic cephalopods,0.168944857548986,3,68
1,2009,43,Labridae and serranidae+,0.123655768537076,2,39
1,2009,49,Transparent gobies,0.297172813194883,1,22
1,2009,65,Gastropods,0.000635851096363972,3,68
1,2009,44,Flatfishes,0.177167513746068,3,68
1,2009,53,No commercial small demersal fish,0.323573702566987,3,68
1,2009,35,Sparidae+,1.01597690155993,3,68
1,2009,46,No commercial medium demersal fish,0.0719133836822384,2,39
1,2009,40,Scorpaenidae+,0.294426856093403,3,68
1,2009,58,Rays and skates,0.762504929319196,3,68
1,2009,38,Common dentex,0.0154133896451626,1,22
1,2009,37,Common two-banded seabream,0.00667901309322784,1,22
1,2009,63,Other benthic cephalopods,0.127673965401125,3,68
1,2009,27,Anglerfish,0.213233087566468,3,68
1,2009,73,Other commercial decapods,0.00101728542624659,2,51
1,2009,29,European hake juv.,0.267017754934777,3,68
1,2009,64,Bivalves,0.00262577396556774,3,68
1,2009,12,Non-commercial large pelagic fishes,0.266373599117663,1,22
1,2009,50,Red mullet,0.0585040457766563,3,68
1,2009,51,Surmullet,0.572541050564914,3,68
1,2009,57,Other small demersal sharks,0.0192397996539535,3,68
1,2009,60,Coastal benthic cephalopods,0.137781218996293,2,39
1,2009,34,Common pandora,0.0235945221471525,2,39
1,2009,72,European lobster,0.00466427546922193,3,68
1,2009,77,Sea cucumbers,0.016982609853507,3,68
1,2009,24,Other small pelagic fish,1.59551618033575,3,68
1,2009,19,European sardine adult,0.383282463049487,2,39
1,2009,23,Round sardinella,0.0111209276596836,2,39
1,2009,16,Mackerels,0.00362528411524848,1,22
1,2009,39,Red scorpionfish,0.0262351613299118,2,39
1,2009,55,Small-spotted catshark,0.413598072351451,3,68
1,2009,45,Other commercial medium demersal fish,0.187724992120088,3,68
1,2009,17,Horse mackerels,7.3301036762742,3,68
1,2009,32,Poor cod,0.00621059969413853,3,68
1,2010,74,Non-commercial decapods,0.115996153175592,3,68
1,2010,64,Bivalves,0.00231461204592223,3,68
1,2010,61,Benthopelagic cephalopods,0.271367421130054,3,68
1,2010,43,Labridae and serranidae+,0.199849939890764,3,68
1,2010,49,Transparent gobies,1.12860645437749e-05,2,40
1,2010,65,Gastropods,0.00108108010455105,3,68
1,2010,44,Flatfishes,0.266227826908679,3,68
1,2010,53,No commercial small demersal fish,0.401231506990355,3,68
1,2010,35,Sparidae+,1.83645963380781,3,68
1,2010,60,Coastal benthic cephalopods,0.318900280816016,3,68
1,2010,46,No commercial medium demersal fish,0.142267138368811,3,68
1,2010,40,Scorpaenidae+,0.362349720080146,3,68
1,2010,28,European conger,0.00687052074024611,3,68
1,2010,58,Rays and skates,0.91113448014804,3,68
1,2010,37,Common two-banded seabream,0.0042605408182215,1,22
1,2010,63,Other benthic cephalopods,0.0849189965275079,3,68
1,2010,21,European anchovy juv.,0.0916931603814905,2,40
1,2010,27,Anglerfish,0.220643457655191,3,68
1,2010,29,European hake juv.,0.331628434603208,3,68
1,2010,50,Red mullet,0.0440792993016856,3,68
1,2010,51,Surmullet,0.136005354962717,3,68
1,2010,57,Other small demersal sharks,0.0421098098288234,3,68
1,2010,34,Common pandora,0.02349316271566,2,40
1,2010,77,Sea cucumbers,0.014412271356112,3,68
1,2010,45,Other commercial medium demersal fish,0.118217846395509,3,68
1,2010,19,European sardine adult,2.59504401433483,2,40
1,2010,23,Round sardinella,0.146883046929309,1,22
1,2010,39,Red scorpionfish,0.0479162304754671,2,40
1,2010,55,Small-spotted catshark,0.359696103466151,3,68
1,2010,15,Other large pelagic fishes,0.00905361295294065,1,22
1,2010,24,Other small pelagic fish,0.361605174621253,3,68
1,2010,17,Horse mackerels,9.11419234025507,3,68
1,2010,32,Poor cod,0.0465953573242357,3,68
1,2011,61,Benthopelagic cephalopods,0.11406056090816,3,72
1,2011,74,Non-commercial decapods,0.10786924017192,3,72
1,2011,64,Bivalves,0.00105786697195306,2,42
1,2011,43,Labridae and serranidae+,0.192643124144633,2,42
1,2011,65,Gastropods,0.00148356842964457,3,72
1,2011,44,Flatfishes,0.252171632374617,3,72
1,2011,53,No commercial small demersal fish,0.271605082045467,3,72
1,2011,35,Sparidae+,1.65033582008347,3,72
1,2011,46,No commercial medium demersal fish,0.107257589727105,2,42
1,2011,40,Scorpaenidae+,0.437853995197994,3,72
1,2011,28,European conger,0.00631036141079234,2,55
1,2011,58,Rays and skates,1.01497149293263,3,72
1,2011,37,Common two-banded seabream,0.00196604095904816,1,25
1,2011,63,Other benthic cephalopods,0.0967866628812946,3,72
1,2011,21,European anchovy juv.,0.569470547198597,2,42
1,2011,27,Anglerfish,0.136097976891346,3,72
1,2011,29,European hake juv.,0.274962497953248,3,72
1,2011,50,Red mullet,0.0319190312796962,3,72
1,2011,51,Surmullet,0.135634911105036,3,72
1,2011,57,Other small demersal sharks,0.0117457439355446,3,72
1,2011,60,Coastal benthic cephalopods,0.304981600989237,2,42
1,2011,34,Common pandora,0.0219358713476776,2,42
1,2011,72,European lobster,0.0272667715419528,2,55
1,2011,77,Sea cucumbers,0.02576021225332,3,72
1,2011,85,Suprabenthos,9.39210242331883e-05,2,55
1,2011,45,Other commercial medium demersal fish,0.113195095401764,3,72
1,2011,19,European sardine adult,5.61215166119601,2,42
1,2011,23,Round sardinella,0.254421723121393,1,25
1,2011,16,Mackerels,0.00310167356529706,1,25
1,2011,39,Red scorpionfish,0.0477739935116442,2,42
1,2011,55,Small-spotted catshark,0.308026936209694,3,72
1,2011,18,Other medium pelagic fishes,0.00331803171925986,1,25
1,2011,24,Other small pelagic fish,0.601051432790156,3,72
1,2011,17,Horse mackerels,6.34963753084108,3,72
1,2011,32,Poor cod,0.00965854855974604,3,72
1,2012,78,Other macro-benthos,0.0767967931840007,3,66
1,2012,74,Non-commercial decapods,0.143839332003371,3,66
1,2012,64,Bivalves,0.00181002089931229,3,66
1,2012,82,Other corals and gorgonians,0.000330736359535803,3,66
1,2012,61,Benthopelagic cephalopods,0.110304812922398,3,66
1,2012,43,Labridae and serranidae+,0.174986740952179,2,39
1,2012,49,Transparent gobies,0.0426879503027472,1,21
1,2012,54,Bathydemersal (deep sea) fish,0.959448168805612,3,66
1,2012,44,Flatfishes,0.201351246055251,3,66
1,2012,53,No commercial small demersal fish,0.25475784383283,3,66
1,2012,65,Gastropods,0.00249462437792981,3,66
1,2012,35,Sparidae+,1.1314377986078,3,66
1,2012,75,Purple sea urchin,0.598453624448689,3,66
1,2012,46,No commercial medium demersal fish,0.127140117008719,3,66
1,2012,40,Scorpaenidae+,0.381021568629688,3,66
1,2012,28,European conger,0.00939485118027182,3,66
1,2012,89,Seaweeds,0.105012036059975,2,48
1,2012,58,Rays and skates,0.797252347783335,3,66
1,2012,37,Common two-banded seabream,0.00237850349102969,1,21
1,2012,63,Other benthic cephalopods,0.0429380995817481,3,66
1,2012,21,European anchovy juv.,1.58215820385711,2,39
1,2012,81,Red coral,0.000212650976069735,3,66
1,2012,77,Sea cucumbers,0.0190362184987666,3,66
1,2012,27,Anglerfish,0.167617547982885,3,66
1,2012,29,European hake juv.,0.331708086483138,3,66
1,2012,33,Blue whiting,0.0782392545606935,3,66
1,2012,50,Red mullet,0.0170415678726622,3,66
1,2012,51,Surmullet,0.157107730203427,3,66
1,2012,57,Other small demersal sharks,0.00653056547750193,3,66
1,2012,60,Coastal benthic cephalopods,0.248906335391382,2,39
1,2012,34,Common pandora,0.0285224422149331,2,39
1,2012,72,European lobster,0.0163952749653196,3,66
1,2012,79,Jellyfish,0.0993567683429024,3,66
1,2012,86,Mediterranean seagrass,0.0237267962881268,1,21
1,2012,80,Salps and other gelatinous zooplankton,0.00503441364752809,3,66
1,2012,19,European sardine adult,0.378268369515749,3,66
1,2012,23,Round sardinella,0.00265158293251481,2,39
1,2012,39,Red scorpionfish,0.0531696574815848,2,39
1,2012,55,Small-spotted catshark,0.357102007601392,3,66
1,2012,24,Other small pelagic fish,0.491690452382551,2,39
1,2012,73,Other commercial decapods,0.00366102631849195,2,48
1,2012,59,Torpedos,0.0093004103871911,1,21
1,2012,45,Other commercial medium demersal fish,0.14621220855874,3,66
1,2012,17,Horse mackerels,1.76069654678702,3,66
1,2012,32,Poor cod,0.0227117316830475,3,66
1,2013,64,Bivalves,0.00147300421825851,2,41
1,2013,78,Other macro-benthos,0.0463539030302209,3,71
1,2013,74,Non-commercial decapods,0.111651479059639,3,71
1,2013,82,Other corals and gorgonians,0.000728914034187864,3,71
1,2013,61,Benthopelagic cephalopods,0.198219379118241,3,71
1,2013,43,Labridae and serranidae+,0.0893310824608361,3,71
1,2013,49,Transparent gobies,0.0018304017390118,1,23
1,2013,65,Gastropods,0.000805574665934454,3,71
1,2013,44,Flatfishes,0.181231641282978,3,71
1,2013,53,No commercial small demersal fish,0.243368108077147,3,71
1,2013,35,Sparidae+,0.70519357454238,3,71
1,2013,75,Purple sea urchin,0.288119354984266,3,71
1,2013,46,No commercial medium demersal fish,0.0794760064076801,3,71
1,2013,40,Scorpaenidae+,0.27958748925325,3,71
1,2013,28,European conger,0.0213459084066087,3,71
1,2013,89,Seaweeds,0.0354067516385852,1,23
1,2013,58,Rays and skates,0.795881492457443,3,71
1,2013,37,Common two-banded seabream,0.000689660430649775,1,23
1,2013,63,Other benthic cephalopods,0.0670457995162972,3,71
1,2013,21,European anchovy juv.,1.77357909561826,2,41
1,2013,81,Red coral,0.000218943758106634,3,71
1,2013,62,Mesopelagic cephalopods,0.00297399681813597,2,53
1,2013,77,Sea cucumbers,0.0158858464866384,3,71
1,2013,27,Anglerfish,0.148164682723006,3,71
1,2013,73,Other commercial decapods,0.000687838172092686,2,53
1,2013,29,European hake juv.,0.581592637493361,3,71
1,2013,50,Red mullet,0.0110995938836759,3,71
1,2013,51,Surmullet,0.0370878994838435,3,71
1,2013,57,Other small demersal sharks,0.0166467300761705,3,71
1,2013,60,Coastal benthic cephalopods,0.233783228622028,2,41
1,2013,34,Common pandora,0.0138297436080524,2,41
1,2013,72,European lobster,0.0186029547079686,3,71
1,2013,79,Jellyfish,1.12432635747232,3,71
1,2013,86,Mediterranean seagrass,0.000949401742085039,1,23
1,2013,19,European sardine adult,1.43146655376182,2,41
1,2013,23,Round sardinella,0.00788430696987059,1,23
1,2013,39,Red scorpionfish,0.0168576470785639,2,41
1,2013,55,Small-spotted catshark,0.377572076143566,3,71
1,2013,24,Other small pelagic fish,0.448309900759096,2,41
1,2013,59,Torpedos,0.0039896447864204,3,71
1,2013,45,Other commercial medium demersal fish,0.167872709904041,3,71
1,2013,17,Horse mackerels,1.26686858156583,3,71
1,2013,32,Poor cod,0.0430089833758523,3,71
1,2014,64,Bivalves,0.0048732229374847,3,73
1,2014,82,Other corals and gorgonians,0.000698916295849874,3,73
1,2014,85,Suprabenthos,0.000101950748027337,2,55
1,2014,54,Bathydemersal (deep sea) fish,0.85314032981497,3,73
1,2014,28,European conger,0.0108569040937051,3,73
1,2014,37,Common two-banded seabream,0.00105738060682625,1,23
1,2014,21,European anchovy juv.,0.590473349983813,3,73
1,2014,49,Transparent gobies,0.0240303486516436,1,23
1,2014,77,Sea cucumbers,0.0129852714856772,3,73
1,2014,27,Anglerfish,0.119822653603823,3,73
1,2014,29,European hake juv.,0.348407605521635,3,73
1,2014,50,Red mullet,0.0295356108260332,2,41
1,2014,51,Surmullet,0.0820657275066493,3,73
1,2014,57,Other small demersal sharks,0.00159491407405625,3,73
1,2014,72,European lobster,0.0148191849991165,2,55
1,2014,81,Red coral,0.00108497269186412,3,73
1,2014,80,Salps and other gelatinous zooplankton,0.148984025033145,3,73
1,2014,19,European sardine adult,1.75854313944569,2,41
1,2014,23,Round sardinella,0.266635867605034,2,41
1,2014,39,Red scorpionfish,0.0562209331442308,2,41
1,2014,17,Horse mackerels,15.095377824688,3,73
1,2014,32,Poor cod,0.0271672003432034,3,73
1,2015,74,Non-commercial decapods,0.0733247308568535,3,76
1,2015,64,Bivalves,0.00417578156186111,3,76
1,2015,82,Other corals and gorgonians,0.000825638894514633,3,76
1,2015,35,Sparidae+,1.85331582369877,3,76
1,2015,65,Gastropods,0.000242349142296674,3,76
1,2015,28,European conger,0.0210849160075137,3,76
1,2015,38,Common dentex,0.000616503830804921,1,23
1,2015,37,Common two-banded seabream,0.000967838053157144,1,23
1,2015,21,European anchovy juv.,4.75839263499573,2,43
1,2015,54,Bathydemersal (deep sea) fish,0.476595989975416,3,76
1,2015,49,Transparent gobies,0.155102837722675,1,23
1,2015,79,Jellyfish,0.869130632213639,3,76
1,2015,27,Anglerfish,0.104334897756854,3,76
1,2015,29,European hake juv.,0.213063822562798,3,76
1,2015,50,Red mullet,0.038669988523359,3,76
1,2015,51,Surmullet,0.0690708031458304,3,76
1,2015,57,Other small demersal sharks,0.0187821898747923,3,76
1,2015,34,Common pandora,0.0161377727509735,2,43
1,2015,72,European lobster,0.0264591460088259,2,43
1,2015,66,Deep-water rose shrimp,0.0137789323723435,3,76
1,2015,77,Sea cucumbers,0.00799335324720228,3,76
1,2015,81,Red coral,0.00052462179097994,3,76
1,2015,80,Salps and other gelatinous zooplankton,0.0012912573720657,2,56
1,2015,19,European sardine adult,0.693307384186084,2,43
1,2015,16,Mackerels,0.0229333198714754,2,43
1,2015,39,Red scorpionfish,0.0300154512299524,2,43
1,2015,18,Other medium pelagic fishes,0.00782461568275895,1,23
1,2015,24,Other small pelagic fish,0.893732337659906,2,43
1,2015,17,Horse mackerels,11.2938122284836,3,76
1,2015,32,Poor cod,0.0201981393005135,3,76
1,2016,82,Other corals and gorgonians,0.00104692190508095,3,70
1,2016,61,Benthopelagic cephalopods,0.0895167437379209,3,70
1,2016,54,Bathydemersal (deep sea) fish,0.744497200646025,3,70
1,2016,28,European conger,0.0162710130591796,3,70
1,2016,37,Common two-banded seabream,0.000322130898869557,1,21
1,2016,21,European anchovy juv.,1.45716909368645,2,40
1,2016,81,Red coral,0.000391660321021057,3,70
1,2016,49,Transparent gobies,0.199254067837914,2,51
1,2016,77,Sea cucumbers,0.0226163177273061,3,70
1,2016,79,Jellyfish,0.562134701265455,3,70
1,2016,27,Anglerfish,0.167253142850761,3,70
1,2016,73,Other commercial decapods,0.0139741614528375,2,51
1,2016,29,European hake juv.,0.203948294761724,3,70
1,2016,51,Surmullet,0.0613490399538658,3,70
1,2016,57,Other small demersal sharks,0.00838815943335115,3,70
1,2016,34,Common pandora,0.0389017725564297,2,40
1,2016,72,European lobster,0.00809776910879815,2,51
1,2016,80,Salps and other gelatinous zooplankton,0.0455530093384902,3,70
1,2016,19,European sardine adult,0.294280053828454,2,40
1,2016,23,Round sardinella,0.0127818808705168,1,21
1,2016,16,Mackerels,0.000680647301788189,2,40
1,2016,59,Torpedos,0.00344486439244759,2,40
1,2016,32,Poor cod,0.0180580560225411,3,70
1,2017,62,Mesopelagic cephalopods,0.00296209883021516,3,71
1,2017,26,No commercial meso (bathy) pelagic fishes,0.0755187571067144,3,71
1,2017,54,Bathydemersal (deep sea) fish,1.38457803944297,3,71
1,2017,68,Giant red shrimp,0.00160919586647507,3,71
1,2017,67,Blue and red shrimp,0.0157256714255629,3,71
1,2017,35,Sparidae+,0.983033970623324,3,71
1,2017,57,Other small demersal sharks,0.00120186477436071,3,71
1,2017,25,Benthopelagic fishes,0.0374156947243962,3,71
1,2017,28,European conger,0.0096475198371609,3,71
1,2017,24,Other small pelagic fish,2.5908721766969,3,71
1,2017,37,Common two-banded seabream,0.00715503110566181,3,71
1,2017,21,European anchovy juv.,2.63606335077427,3,71
1,2017,11,Pelagic sharks,0.00342837428994467,1,22
1,2017,56,Blackmouth catshark,0.071322909288576,3,71
1,2017,49,Transparent gobies,0.000688131801582535,3,71
1,2017,79,Jellyfish,0.555198323423593,3,71
1,2017,27,Anglerfish,0.15561347372452,3,71
1,2017,29,European hake juv.,0.21664918587456,3,71
1,2017,33,Blue whiting,0.124055999296012,3,71
1,2017,64,Bivalves,0.0351215366442363,3,71
1,2017,31,Other commercial large demersal fish,0.00349142469599976,3,71
1,2017,50,Red mullet,0.115966368757075,3,71
1,2017,51,Surmullet,0.365399307737413,3,71
1,2017,71,Norway lobster,0.02669785581658,3,71
1,2017,72,European lobster,0.0278762442547296,3,71
1,2017,66,Deep-water rose shrimp,0.0347653717093283,3,71
1,2017,81,Red coral,0.000467422222313166,3,71
1,2017,85,Suprabenthos,6.62353802850902e-05,3,71
1,2017,80,Salps and other gelatinous zooplankton,0.0450721418638015,3,71
1,2017,19,European sardine adult,0.753277100062619,3,71
1,2017,16,Mackerels,0.021059799039373,2,40
1,2017,59,Torpedos,0.00385192951611556,3,71
1,2017,17,Horse mackerels,13.2081089337343,3,71
1,2017,32,Poor cod,0.011136300702023,3,71
1,2018,78,Other macro-benthos,0.0538184786719964,3,74
1,2018,64,Bivalves,0.0129007022627174,3,74
1,2018,82,Other corals and gorgonians,0.000434822604632812,3,74
1,2018,61,Benthopelagic cephalopods,0.166822201675167,3,74
1,2018,43,Labridae and serranidae+,0.190867886030613,2,41
1,2018,49,Transparent gobies,0.000593232152748605,1,22
1,2018,44,Flatfishes,0.378893152910748,3,74
1,2018,74,Non-commercial decapods,0.0970575766949484,3,74
1,2018,65,Gastropods,0.00281395488186188,3,74
1,2018,53,No commercial small demersal fish,0.301261765001722,3,74
1,2018,35,Sparidae+,1.52336104910154,3,74
1,2018,75,Purple sea urchin,0.183119324759251,3,74
1,2018,46,No commercial medium demersal fish,0.135089169935458,3,74
1,2018,40,Scorpaenidae+,0.583510063233546,3,74
1,2018,28,European conger,0.0170947023529844,3,74
1,2018,89,Seaweeds,0.021083557319062,3,74
1,2018,58,Rays and skates,0.819194762549746,3,74
1,2018,37,Common two-banded seabream,0.000827249990895795,1,22
1,2018,63,Other benthic cephalopods,0.0669693316890799,3,74
1,2018,21,European anchovy juv.,3.31445034956121,2,41
1,2018,11,Pelagic sharks,0.0315441765907014,1,22
1,2018,54,Bathydemersal (deep sea) fish,2.46776072717872,3,74
1,2018,45,Other commercial medium demersal fish,0.15237569453707,3,74
1,2018,77,Sea cucumbers,0.00516891709116121,3,74
1,2018,79,Jellyfish,0.856565673929765,3,74
1,2018,27,Anglerfish,0.132781836994116,3,74
1,2018,73,Other commercial decapods,0.000296958697493466,1,22
1,2018,29,European hake juv.,0.305835173237152,3,74
1,2018,50,Red mullet,0.0867024040411561,3,74
1,2018,51,Surmullet,0.199221339935065,3,74
1,2018,57,Other small demersal sharks,0.0071021421002113,3,74
1,2018,26,No commercial meso (bathy) pelagic fishes,0.0813535265090829,3,74
1,2018,60,Coastal benthic cephalopods,0.431167312590592,3,74
1,2018,34,Common pandora,0.0538408221217479,2,41
1,2018,72,European lobster,0.0272436133770262,3,74
1,2018,81,Red coral,0.000332891825129672,3,74
1,2018,86,Mediterranean seagrass,6.86967510379794e-06,1,22
1,2018,80,Salps and other gelatinous zooplankton,0.0215661494631642,3,74
1,2018,19,European sardine adult,0.158822488866193,2,41
1,2018,23,Round sardinella,0.0175776097011077,1,22
1,2018,39,Red scorpionfish,0.0443749197720443,2,41
1,2018,55,Small-spotted catshark,0.325969685484248,3,74
1,2018,24,Other small pelagic fish,0.425511690804653,2,41
1,2018,59,Torpedos,0.00514365854339325,3,74
1,2018,17,Horse mackerels,11.515061407973,3,74
1,2018,32,Poor cod,0.00975435318673343,3,74
1,2019,64,Bivalves,0.0226899933740612,3,72
1,2019,78,Other macro-benthos,0.0870794847031064,3,72
1,2019,82,Other corals and gorgonians,0.000615153790279763,3,72
1,2019,61,Benthopelagic cephalopods,0.113155221121011,3,72
1,2019,43,Labridae and serranidae+,0.147633558116645,2,41
1,2019,65,Gastropods,0.00188385045162753,3,72
1,2019,54,Bathydemersal (deep sea) fish,1.70112398060541,3,72
1,2019,44,Flatfishes,0.405400343232852,3,72
1,2019,74,Non-commercial decapods,0.128571014818878,3,72
1,2019,53,No commercial small demersal fish,0.271154911420397,3,72
1,2019,35,Sparidae+,1.45955845072182,3,72
1,2019,75,Purple sea urchin,0.370811053335102,3,72
1,2019,46,No commercial medium demersal fish,0.0767489499594042,2,41
1,2019,40,Scorpaenidae+,0.499330067151849,3,72
1,2019,89,Seaweeds,0.0639727358875077,3,72
1,2019,58,Rays and skates,0.801419983673074,3,72
1,2019,37,Common two-banded seabream,0.00271332765846128,1,22
1,2019,63,Other benthic cephalopods,0.0655419369100386,3,72
1,2019,21,European anchovy juv.,1.8401357164857,3,72
1,2019,81,Red coral,0.00117204469613211,3,72
1,2019,45,Other commercial medium demersal fish,0.144049512302323,3,72
1,2019,49,Transparent gobies,0.175827889149904,3,72
1,2019,77,Sea cucumbers,0.0102213823825126,3,72
1,2019,79,Jellyfish,0.356317870219343,3,72
1,2019,27,Anglerfish,0.161196082304501,3,72
1,2019,73,Other commercial decapods,4.32424585716892e-05,1,22
1,2019,29,European hake juv.,0.211881728678762,3,72
1,2019,50,Red mullet,0.0894497084185978,3,72
1,2019,51,Surmullet,0.243750469483582,3,72
1,2019,57,Other small demersal sharks,0.00482968275097577,2,53
1,2019,60,Coastal benthic cephalopods,0.201580081111337,2,41
1,2019,34,Common pandora,0.0445607381479373,2,41
1,2019,72,European lobster,0.0210021887771146,3,72
1,2019,86,Mediterranean seagrass,6.19173987602388e-06,1,22
1,2019,80,Salps and other gelatinous zooplankton,0.00780053881228634,3,72
1,2019,19,European sardine adult,0.537337981327018,2,41
1,2019,23,Round sardinella,0.115208465435042,2,41
1,2019,16,Mackerels,0.0174761217763535,3,72
1,2019,39,Red scorpionfish,0.0443141998308283,2,41
1,2019,55,Small-spotted catshark,0.340218544136206,3,72
1,2019,24,Other small pelagic fish,0.602490091022014,2,41
1,2019,59,Torpedos,0.00544345393838457,3,72
1,2019,17,Horse mackerels,5.25975605356888,3,72
1,2019,32,Poor cod,0.0166184176530944,3,72
1,2020,78,Other macro-benthos,0.0660532932695609,3,79
1,2020,74,Non-commercial decapods,0.143299842727846,3,79
1,2020,64,Bivalves,0.0237042467346443,3,79
1,2020,82,Other corals and gorgonians,0.000160881698438294,3,79
1,2020,61,Benthopelagic cephalopods,0.162345412669417,3,79
1,2020,43,Labridae and serranidae+,0.122138775036686,2,40
1,2020,65,Gastropods,0.00106982071576783,3,79
1,2020,54,Bathydemersal (deep sea) fish,1.15561680436244,3,79
1,2020,44,Flatfishes,0.354973738067671,3,79
1,2020,53,No commercial small demersal fish,0.381973537583987,3,79
1,2020,35,Sparidae+,1.23663821495652,3,79
1,2020,75,Purple sea urchin,0.174239598814973,3,79
1,2020,46,No commercial medium demersal fish,0.0907752573920423,3,79
1,2020,40,Scorpaenidae+,0.468453302476694,3,79
1,2020,28,European conger,0.0169337404096874,3,79
1,2020,89,Seaweeds,0.0904545457798695,1,22
1,2020,58,Rays and skates,1.27393859134264,3,79
1,2020,37,Common two-banded seabream,0.000936043142038529,2,40
1,2020,63,Other benthic cephalopods,0.0296376386694468,3,79
1,2020,21,European anchovy juv.,3.57126513930047,3,79
1,2020,81,Red coral,0.00163022507229492,3,79
1,2020,49,Transparent gobies,0.0090691276106458,1,22
1,2020,77,Sea cucumbers,0.00525938788289851,3,79
1,2020,79,Jellyfish,0.110528625652592,3,79
1,2020,27,Anglerfish,0.13027631387427,3,79
1,2020,73,Other commercial decapods,3.86765146135038e-05,1,22
1,2020,29,European hake juv.,0.216099331259471,3,79
1,2020,50,Red mullet,0.0622818586063638,3,79
1,2020,51,Surmullet,0.197821411665483,3,79
1,2020,57,Other small demersal sharks,0.0133225496862418,3,79
1,2020,60,Coastal benthic cephalopods,0.161807080146454,2,40
1,2020,34,Common pandora,0.0356161596904134,2,40
1,2020,72,European lobster,0.0143813531646889,2,40
1,2020,66,Deep-water rose shrimp,0.0625518220742201,3,79
1,2020,86,Mediterranean seagrass,0.00225751595717324,1,22
1,2020,80,Salps and other gelatinous zooplankton,0.0712657472132628,3,79
1,2020,19,European sardine adult,0.250790818764802,2,40
1,2020,23,Round sardinella,0.021076323879447,2,40
1,2020,16,Mackerels,0.00682812270647506,2,40
1,2020,39,Red scorpionfish,0.0410165295014101,2,40
1,2020,55,Small-spotted catshark,0.357277982325195,3,79
1,2020,24,Other small pelagic fish,0.616290634104919,3,79
1,2020,59,Torpedos,0.00658403213467647,3,79
1,2020,45,Other commercial medium demersal fish,0.124322073074939,3,79
1,2020,17,Horse mackerels,16.6189726302796,3,79
1,2020,32,Poor cod,0.0146600386713793,3,79
1,2021,82,Other corals and gorgonians,0.000172435048259356,3,84
1,2021,49,Transparent gobies,0.000705159843923672,1,25
1,2021,35,Sparidae+,1.64998074856187,3,84
1,2021,37,Common two-banded seabream,0.0026866087067099,1,25
1,2021,21,European anchovy juv.,1.34683363197606,2,43
1,2021,81,Red coral,0.0012072488319866,3,84
1,2021,79,Jellyfish,0.517211419479275,3,84
1,2021,27,Anglerfish,0.14155893639379,3,84
1,2021,29,European hake juv.,0.200020036849469,3,84
1,2021,50,Red mullet,0.051416086859521,3,84
1,2021,51,Surmullet,0.126357157041904,3,84
1,2021,57,Other small demersal sharks,0.0346161719731747,2,66
1,2021,72,European lobster,0.0195779471508501,2,43
1,2021,66,Deep-water rose shrimp,0.0516794414903979,3,84
1,2021,23,Round sardinella,0.0764998951339086,1,25
1,2021,16,Mackerels,0.00544234212597034,3,84
1,2021,18,Other medium pelagic fishes,0.000975916792337041,1,25
1,2021,59,Torpedos,0.00817191562651421,3,84
1,2021,32,Poor cod,0.0126253357692921,3,84
1,1994,54,Bathydemersal (deep sea) fish,0.104646709418208,2,17
1,1994,44,Flatfishes,0.108988581413226,2,17
1,1994,74,Non-commercial decapods,0.070206275076847,2,17
1,1994,53,No commercial small demersal fish,0.0919653524840702,2,17
1,1994,40,Scorpaenidae+,0.0380777900183481,2,17
1,1994,28,European conger,0.0190295693017849,2,17
1,1994,63,Other benthic cephalopods,0.141067954464433,2,17
1,1994,21,European anchovy juv.,0.0467394677940694,1,1
1,1994,45,Other commercial medium demersal fish,0.143177223041855,2,17
1,1994,25,Benthopelagic fishes,0.116353952830742,2,17
1,1994,27,Anglerfish,0.126867231349203,2,17
1,1994,29,European hake juv.,0.547952473729232,2,17
1,1994,50,Red mullet,0.00631191204682552,1,1
1,1994,51,Surmullet,0.0142118690856631,2,17
1,1994,35,Sparidae+,0.00594962844408947,2,17
1,1994,64,Bivalves,0.0112545868869729,2,17
1,1994,58,Rays and skates,0.178210860936884,2,17
1,1994,65,Gastropods,0.000420915188602801,2,17
1,1994,43,Labridae and serranidae+,0.00110506642915907,1,1
1,1994,59,Torpedos,0.0435851588203636,2,17
1,1994,17,Horse mackerels,0.306725230708558,2,17
1,1994,32,Poor cod,0.0267615944399821,2,17
1,1994,46,No commercial medium demersal fish,0.0218526886366206,1,1
1,1995,54,Bathydemersal (deep sea) fish,0.0519426515032447,2,18
1,1995,65,Gastropods,0.000169118534781823,2,18
1,1995,26,No commercial meso (bathy) pelagic fishes,0.392488351889162,2,18
1,1995,45,Other commercial medium demersal fish,0.0599499293232412,2,18
1,1995,25,Benthopelagic fishes,0.079117246651436,2,18
1,1995,33,Blue whiting,1.03886655237031,2,18
1,1995,31,Other commercial large demersal fish,0.00149610826830774,2,18
1,1995,71,Norway lobster,0.0625074466447995,2,18
1,1995,77,Sea cucumbers,0.0045644966411481,2,18
1,1995,58,Rays and skates,0.0265435081172531,2,18
1,1995,55,Small-spotted catshark,0.24580550602943,2,18
1,1995,59,Torpedos,0.0108130745959215,1,3
1,1995,32,Poor cod,0.000936115645022993,1,3
1,1996,64,Bivalves,0.000133986380338579,1,8
1,1996,62,Mesopelagic cephalopods,0.000766735821125268,2,29
1,1996,54,Bathydemersal (deep sea) fish,0.303120363725594,2,29
1,1996,26,No commercial meso (bathy) pelagic fishes,0.182355941488533,2,29
1,1996,25,Benthopelagic fishes,0.0440022454216268,2,29
1,1996,33,Blue whiting,5.625581976475,2,29
1,1996,77,Sea cucumbers,0.000565319620763074,2,29
1,1996,45,Other commercial medium demersal fish,0.0814648627007404,2,29
1,1996,19,European sardine adult,0.012678820849612,2,29
1,1997,54,Bathydemersal (deep sea) fish,0.0988017856136105,2,23
1,1997,64,Bivalves,0.0031472338417058,2,23
1,1997,28,European conger,0.0289194172441153,2,23
1,1997,58,Rays and skates,0.332587108442309,2,23
1,1997,21,European anchovy juv.,0.0780947702412962,1,6
1,1997,51,Surmullet,0.00409851538053075,1,6
1,1997,60,Coastal benthic cephalopods,0.00642799948919201,1,6
1,1997,73,Other commercial decapods,0.00255339433880794,1,6
1,1997,16,Mackerels,2.38426225945575,1,6
1,1997,59,Torpedos,0.00204378299525967,1,6
1,1998,54,Bathydemersal (deep sea) fish,0.856111130373794,2,15
1,1998,27,Anglerfish,0.053451655124437,2,15
1,1998,71,Norway lobster,0.0217376561085059,2,15
1,1998,72,European lobster,0.0257551231463298,1,3
1,1998,58,Rays and skates,0.21519903709224,2,15
1,1998,39,Red scorpionfish,0.0165553180218188,1,3
1,1999,54,Bathydemersal (deep sea) fish,0.104545361748548,2,26
1,1999,26,No commercial meso (bathy) pelagic fishes,0.146910566747584,2,26
1,1999,25,Benthopelagic fishes,0.0869667338755004,2,26
1,1999,33,Blue whiting,0.228458303394599,2,26
1,1999,72,European lobster,0.00438195359517619,1,5
1,1999,66,Deep-water rose shrimp,0.0732536807647096,2,26
1,1999,77,Sea cucumbers,0.00062214434481145,1,5
1,1999,58,Rays and skates,0.242491393008219,2,26
1,1999,55,Small-spotted catshark,0.0735465515166123,2,26
1,1999,60,Coastal benthic cephalopods,0.000819497021816281,1,5
1,1999,57,Other small demersal sharks,0.00746921963775697,2,26
1,2000,58,Rays and skates,0.199411734285223,2,26
1,2000,26,No commercial meso (bathy) pelagic fishes,0.238421176498612,2,26
1,2000,25,Benthopelagic fishes,0.0424947767706881,2,26
1,2000,33,Blue whiting,0.706012664507099,2,26
1,2000,31,Other commercial large demersal fish,0.00169851375601101,2,26
1,2000,71,Norway lobster,0.114340206225857,2,26
1,2000,66,Deep-water rose shrimp,0.0536231068436208,2,26
1,2000,55,Small-spotted catshark,0.425393453257794,2,26
1,2000,59,Torpedos,0.001891115854586,1,6
1,2001,54,Bathydemersal (deep sea) fish,2.61892780051862,2,20
1,2001,58,Rays and skates,0.329833558401741,2,20
1,2001,25,Benthopelagic fishes,0.0382038599931288,2,20
1,2001,33,Blue whiting,0.574492790533493,2,20
1,2001,51,Surmullet,0.00983868947844304,1,3
1,2001,72,European lobster,0.0154294120486851,1,3
1,2001,77,Sea cucumbers,0.00639485834750617,2,20
1,2001,64,Bivalves,0.000369824591504324,2,20
1,2001,55,Small-spotted catshark,0.215971262897777,2,20
1,2001,59,Torpedos,0.00745236887108967,1,3
1,2002,54,Bathydemersal (deep sea) fish,0.0496083338197226,2,21
1,2002,64,Bivalves,0.000946395396527028,2,21
1,2002,45,Other commercial medium demersal fish,0.189137165641291,2,21
1,2002,25,Benthopelagic fishes,0.0143480882578158,2,21
1,2002,33,Blue whiting,0.821958910369776,2,21
1,2002,58,Rays and skates,0.115290215840374,2,21
1,2002,57,Other small demersal sharks,0.00345044734503518,2,21
1,2002,59,Torpedos,0.000385917845759599,1,7
1,2002,32,Poor cod,0.0701981137514061,2,21
1,2003,54,Bathydemersal (deep sea) fish,1.63540783353097,2,24
1,2003,25,Benthopelagic fishes,0.0167022426983688,2,24
1,2003,33,Blue whiting,0.380722565718405,2,24
1,2003,71,Norway lobster,0.0592029539055373,2,24
1,2004,54,Bathydemersal (deep sea) fish,0.056625155883355,2,23
1,2004,58,Rays and skates,0.156713762205038,2,23
1,2004,26,No commercial meso (bathy) pelagic fishes,0.179598315105202,2,23
1,2004,25,Benthopelagic fishes,0.0306295821994074,2,23
1,2004,33,Blue whiting,1.60738485830445,2,23
1,2004,51,Surmullet,0.0136988983352285,2,23
1,2004,39,Red scorpionfish,0.00160643161546978,1,6
1,2005,54,Bathydemersal (deep sea) fish,0.0474079223728428,2,14
1,2005,26,No commercial meso (bathy) pelagic fishes,0.266607477812116,2,14
1,2005,25,Benthopelagic fishes,0.026396650718799,2,14
1,2005,33,Blue whiting,0.689702819086339,2,14
1,2005,31,Other commercial large demersal fish,0.000990196362425614,2,14
1,2005,55,Small-spotted catshark,0.500730183628687,2,14
1,2005,59,Torpedos,0.00542069376694948,2,14
1,2005,32,Poor cod,0.0668274172710509,2,14
1,2006,54,Bathydemersal (deep sea) fish,0.0358660968742976,2,18
1,2006,26,No commercial meso (bathy) pelagic fishes,0.228335532612846,2,18
1,2006,25,Benthopelagic fishes,0.0404075880434975,2,18
1,2006,33,Blue whiting,2.31262127280997,2,18
1,2006,58,Rays and skates,0.0539018844833986,2,18
1,2007,26,No commercial meso (bathy) pelagic fishes,0.199556178030533,2,39
1,2007,25,Benthopelagic fishes,0.122999194180325,2,39
1,2007,66,Deep-water rose shrimp,0.00668677701299062,2,39
1,2007,14,Swordfish,0.130760957397785,1,15
1,2008,54,Bathydemersal (deep sea) fish,0.784895217808447,2,46
1,2008,28,European conger,0.0160112912977283,2,46
1,2008,21,European anchovy juv.,0.000284746315220325,1,18
1,2008,26,No commercial meso (bathy) pelagic fishes,0.0910788543847053,2,46
1,2008,62,Mesopelagic cephalopods,0.00453615109899457,2,46
1,2008,25,Benthopelagic fishes,0.0370138076053798,2,46
1,2008,33,Blue whiting,0.233056272016404,2,46
1,2009,54,Bathydemersal (deep sea) fish,1.16109096743106,2,46
1,2009,28,European conger,0.0203157243678985,2,46
1,2009,26,No commercial meso (bathy) pelagic fishes,0.201170562772218,2,46
1,2009,33,Blue whiting,1.15255836860433,2,46
1,2009,71,Norway lobster,0.0794796596658625,2,46
1,2009,66,Deep-water rose shrimp,0.0197922480271162,2,46
1,2009,85,Suprabenthos,0.000189537610492183,2,46
1,2009,59,Torpedos,0.000215198686550869,1,17
1,2010,54,Bathydemersal (deep sea) fish,0.632866417462224,2,46
1,2010,26,No commercial meso (bathy) pelagic fishes,0.156210316081173,2,46
1,2010,25,Benthopelagic fishes,0.0377416050506866,2,46
1,2010,33,Blue whiting,0.221207127381972,2,46
1,2010,71,Norway lobster,0.0631123674348309,2,46
1,2010,59,Torpedos,0.00653604079817312,1,18
1,2011,54,Bathydemersal (deep sea) fish,1.76994018339529,2,47
1,2011,25,Benthopelagic fishes,0.0215563883946588,2,47
1,2011,26,No commercial meso (bathy) pelagic fishes,0.109378835212433,2,47
1,2011,33,Blue whiting,0.0547495617031667,2,47
1,2011,66,Deep-water rose shrimp,0.0418775099153368,2,47
1,2011,59,Torpedos,0.000661104451557591,1,17
1,2012,18,Other medium pelagic fishes,0.00116567475616161,1,18
1,2012,25,Benthopelagic fishes,0.0263457010821473,2,45
1,2012,71,Norway lobster,0.0419895122654949,2,45
1,2012,66,Deep-water rose shrimp,0.0240608369879669,2,45
1,2012,85,Suprabenthos,0.00021496613580689,2,45
1,2012,16,Mackerels,0.00527228248990292,1,18
1,2013,54,Bathydemersal (deep sea) fish,1.88781137188735,2,48
1,2013,26,No commercial meso (bathy) pelagic fishes,0.365905489947991,2,48
1,2013,56,Blackmouth catshark,0.111625239719325,2,48
1,2013,25,Benthopelagic fishes,0.0432977722520861,2,48
1,2013,33,Blue whiting,0.0923156025606224,2,48
1,2013,31,Other commercial large demersal fish,0.00562810708704296,2,48
1,2013,71,Norway lobster,0.0703727914740754,2,48
1,2013,80,Salps and other gelatinous zooplankton,0.00593893350054874,2,48
1,2014,26,No commercial meso (bathy) pelagic fishes,0.304011920807109,2,50
1,2014,33,Blue whiting,0.15606058446994,2,50
1,2014,31,Other commercial large demersal fish,0.00588413873543531,2,50
1,2014,66,Deep-water rose shrimp,0.0178925296618085,2,50
1,2014,59,Torpedos,0.00196444965753575,1,18
1,2015,26,No commercial meso (bathy) pelagic fishes,0.123714423627583,2,53
1,2015,25,Benthopelagic fishes,0.0216845591543527,2,53
1,2015,33,Blue whiting,0.0539690511211167,2,53
1,2015,31,Other commercial large demersal fish,0.00276816902750405,2,53
1,2015,59,Torpedos,0.00158102048334505,2,53
1,2016,26,No commercial meso (bathy) pelagic fishes,0.163268385702682,2,49
1,2016,25,Benthopelagic fishes,0.0364160972343134,2,49
1,2016,33,Blue whiting,0.0401289904449146,2,49
1,2016,66,Deep-water rose shrimp,0.0332694540894124,2,49
1,2017,87,Other seagrasses,2.12210746696947e-06,1,18
1,2018,38,Common dentex,0.0036960101827946,1,19
1,2018,25,Benthopelagic fishes,0.0404245900849989,2,52
1,2018,33,Blue whiting,0.0651593873305937,2,52
1,2018,66,Deep-water rose shrimp,0.0531207400744141,2,52
1,2019,28,European conger,0.00758327366149184,2,50
1,2019,62,Mesopelagic cephalopods,0.00409303787741364,2,50
1,2019,33,Blue whiting,0.175548250340529,2,50
1,2019,66,Deep-water rose shrimp,0.0371166455843193,2,50
1,2020,26,No commercial meso (bathy) pelagic fishes,0.103001123925886,2,57
1,2020,25,Benthopelagic fishes,0.0831874572324335,2,57
1,2020,33,Blue whiting,0.108835698695562,2,57
1,2021,54,Bathydemersal (deep sea) fish,0.608190359032885,2,59
1,2021,25,Benthopelagic fishes,0.0593503003247239,2,59
1,2021,28,European conger,0.0169664259423915,2,59
1,2021,26,No commercial meso (bathy) pelagic fishes,0.0931431616449402,2,59
1,2021,33,Blue whiting,0.682477194033575,2,59
1,2021,31,Other commercial large demersal fish,0.00381036140204493,2,59
1,2021,71,Norway lobster,0.038910160571803,2,59
1,2021,80,Salps and other gelatinous zooplankton,0.00220124821860157,2,59
1,1994,26,No commercial meso (bathy) pelagic fishes,0.184750581423566,1,16
1,1994,68,Giant red shrimp,0.0219262514986658,1,16
1,1994,67,Blue and red shrimp,0.0307369849235892,1,16
1,1994,57,Other small demersal sharks,0.00140196350881095,1,16
1,1994,56,Blackmouth catshark,0.0318766712705146,1,16
1,1994,62,Mesopelagic cephalopods,0.000175828185589279,1,16
1,1994,61,Benthopelagic cephalopods,0.0305041030606089,1,16
1,1994,33,Blue whiting,0.0381058401054845,1,16
1,1994,31,Other commercial large demersal fish,0.000505574005742861,1,16
1,1994,71,Norway lobster,0.0467982704180368,1,16
1,1994,73,Other commercial decapods,0.000109308128768724,1,16
1,1994,66,Deep-water rose shrimp,0.0128824651353469,1,16
1,1994,55,Small-spotted catshark,0.0712724881039149,1,16
1,1995,62,Mesopelagic cephalopods,0.00149935336776256,1,15
1,1995,68,Giant red shrimp,0.0170353308829569,1,15
1,1995,67,Blue and red shrimp,0.0179208786291381,1,15
1,1995,28,European conger,0.00256889621234994,1,15
1,1995,57,Other small demersal sharks,0.00125473508905372,1,15
1,1995,56,Blackmouth catshark,0.0254247468733348,1,15
1,1995,85,Suprabenthos,3.81615404569845e-05,1,15
1,1995,66,Deep-water rose shrimp,0.00333748974346684,1,15
1,1996,68,Giant red shrimp,0.0553688467284996,1,21
1,1996,67,Blue and red shrimp,0.0518168169223868,1,21
1,1996,57,Other small demersal sharks,0.00962748305489839,1,21
1,1996,56,Blackmouth catshark,0.0804768472328137,1,21
1,1996,31,Other commercial large demersal fish,0.00550498218895126,1,21
1,1996,71,Norway lobster,0.0792735876300941,1,21
1,1996,66,Deep-water rose shrimp,0.00434568468038699,1,21
1,1997,62,Mesopelagic cephalopods,0.00225676560103576,1,17
1,1997,26,No commercial meso (bathy) pelagic fishes,0.116366040860996,1,17
1,1997,68,Giant red shrimp,0.0274212198063704,1,17
1,1997,67,Blue and red shrimp,0.0581069895548923,1,17
1,1997,57,Other small demersal sharks,0.00436731592733356,1,17
1,1997,56,Blackmouth catshark,0.147140578276539,1,17
1,1997,33,Blue whiting,0.0535499519142855,1,17
1,1997,31,Other commercial large demersal fish,0.00174787545938558,1,17
1,1997,71,Norway lobster,0.062324503699896,1,17
1,1997,66,Deep-water rose shrimp,0.0153148149974269,1,17
1,1998,68,Giant red shrimp,0.0478231956047626,1,12
1,1998,67,Blue and red shrimp,0.0691062945001122,1,12
1,1998,26,No commercial meso (bathy) pelagic fishes,0.043011063655152,1,12
1,1998,57,Other small demersal sharks,0.00354376263117424,1,12
1,1998,56,Blackmouth catshark,0.143086294720351,1,12
1,1998,62,Mesopelagic cephalopods,0.00107907726008629,1,12
1,1998,60,Coastal benthic cephalopods,0.000320150053183142,1,12
1,1998,33,Blue whiting,0.00471766544180973,1,12
1,1998,66,Deep-water rose shrimp,0.0790911504813866,1,12
1,1999,68,Giant red shrimp,0.031973105918134,1,21
1,1999,67,Blue and red shrimp,0.0869331642096905,1,21
1,1999,28,European conger,0.00357940199227017,1,21
1,1999,56,Blackmouth catshark,0.0716868632671759,1,21
1,1999,62,Mesopelagic cephalopods,0.000913815981233981,1,21
1,1999,31,Other commercial large demersal fish,0.00231756278670761,1,21
1,1999,71,Norway lobster,0.0238784210490163,1,21
1,2000,68,Giant red shrimp,0.145438211732747,1,20
1,2000,67,Blue and red shrimp,0.0688193273768102,1,20
1,2000,57,Other small demersal sharks,0.00377349502687237,1,20
1,2000,56,Blackmouth catshark,0.109126690394416,1,20
1,2000,62,Mesopelagic cephalopods,0.00391846586293307,1,20
1,2001,68,Giant red shrimp,0.0755809543041597,1,17
1,2001,67,Blue and red shrimp,0.125941019074561,1,17
1,2001,57,Other small demersal sharks,0.00282576299712952,1,17
1,2001,56,Blackmouth catshark,0.125559223616279,1,17
1,2001,62,Mesopelagic cephalopods,0.00428143979567553,1,17
1,2001,31,Other commercial large demersal fish,0.00307008039693359,1,17
1,2001,71,Norway lobster,0.131252380021851,1,17
1,2001,66,Deep-water rose shrimp,0.026867455550372,1,17
1,2002,68,Giant red shrimp,0.0178343804675032,1,14
1,2002,67,Blue and red shrimp,0.05728327473704,1,14
1,2002,56,Blackmouth catshark,0.11515123872532,1,14
1,2002,31,Other commercial large demersal fish,0.0030898885189497,1,14
1,2002,71,Norway lobster,0.069061914546751,1,14
1,2002,66,Deep-water rose shrimp,0.00557385986362931,1,14
1,2003,62,Mesopelagic cephalopods,0.000497765805848642,1,19
1,2003,68,Giant red shrimp,0.0101418824466148,1,19
1,2003,67,Blue and red shrimp,0.0122591155303834,1,19
1,2003,57,Other small demersal sharks,0.00145347398267237,1,19
1,2003,56,Blackmouth catshark,0.0624986758265596,1,19
1,2003,31,Other commercial large demersal fish,0.00110382178525841,1,19
1,2003,66,Deep-water rose shrimp,0.0829411003538403,1,19
1,2004,62,Mesopelagic cephalopods,0.000634011034142044,1,17
1,2004,68,Giant red shrimp,0.0512272208862323,1,17
1,2004,67,Blue and red shrimp,0.0165992647984286,1,17
1,2004,57,Other small demersal sharks,0.00164315553086145,1,17
1,2004,56,Blackmouth catshark,0.0399404752515242,1,17
1,2004,31,Other commercial large demersal fish,0.00109430188560135,1,17
1,2004,71,Norway lobster,0.0992833652409959,1,17
1,2004,73,Other commercial decapods,2.81821285133046e-06,1,17
1,2004,66,Deep-water rose shrimp,0.0311953750272105,1,17
1,2005,62,Mesopelagic cephalopods,0.000384862536717384,1,11
1,2005,68,Giant red shrimp,0.00905489456543688,1,11
1,2005,67,Blue and red shrimp,0.0017603581270113,1,11
1,2005,57,Other small demersal sharks,0.000711577407471336,1,11
1,2005,58,Rays and skates,0.0615561342987783,1,11
1,2005,56,Blackmouth catshark,0.0650477069456818,1,11
1,2005,71,Norway lobster,0.0291185477888597,1,11
1,2005,66,Deep-water rose shrimp,0.00836500003782345,1,11
1,2006,62,Mesopelagic cephalopods,0.000139284451555615,1,14
1,2006,68,Giant red shrimp,0.000582230645547175,1,14
1,2006,67,Blue and red shrimp,0.0203717627444687,1,14
1,2006,18,Other medium pelagic fishes,0.0302404060078712,1,14
1,2006,57,Other small demersal sharks,0.000844601733884788,1,14
1,2006,56,Blackmouth catshark,0.116585662377409,1,14
1,2006,31,Other commercial large demersal fish,0.00386056285821084,1,14
1,2006,71,Norway lobster,0.0815072381018381,1,14
1,2006,66,Deep-water rose shrimp,0.0168392778010378,1,14
1,2006,59,Torpedos,0.021119669244154,1,14
1,2007,85,Suprabenthos,4.26820686521622e-05,1,24
1,2007,62,Mesopelagic cephalopods,0.0012225518191477,1,24
1,2007,68,Giant red shrimp,0.000518428757079871,1,24
1,2007,67,Blue and red shrimp,0.0249759442363497,1,24
1,2007,56,Blackmouth catshark,0.116065022378736,1,24
1,2007,33,Blue whiting,0.322793798568609,1,24
1,2007,31,Other commercial large demersal fish,0.00211842785044955,1,24
1,2007,71,Norway lobster,0.0535760285648802,1,24
1,2007,73,Other commercial decapods,0.000220495223072563,1,24
1,2008,85,Suprabenthos,0.000195126013917544,1,28
1,2008,68,Giant red shrimp,0.0100631225730216,1,28
1,2008,67,Blue and red shrimp,0.0427035104458918,1,28
1,2008,56,Blackmouth catshark,0.105030018422336,1,28
1,2008,71,Norway lobster,0.0642050065666777,1,28
1,2008,66,Deep-water rose shrimp,0.00558469619910174,1,28
1,2009,62,Mesopelagic cephalopods,0.000485552918846608,1,29
1,2009,68,Giant red shrimp,0.000552046540136919,1,29
1,2009,67,Blue and red shrimp,0.0279961096937635,1,29
1,2009,25,Benthopelagic fishes,0.10033322961823,1,29
1,2009,56,Blackmouth catshark,0.0801605129940947,1,29
1,2009,31,Other commercial large demersal fish,0.00466055770028045,1,29
1,2009,18,Other medium pelagic fishes,0.000994269856111615,1,29
1,2010,62,Mesopelagic cephalopods,0.00172031039984825,1,28
1,2010,68,Giant red shrimp,0.000133817271564878,1,28
1,2010,67,Blue and red shrimp,0.0192599172546588,1,28
1,2010,56,Blackmouth catshark,0.0786725491097929,1,28
1,2010,31,Other commercial large demersal fish,0.00324331943055428,1,28
1,2010,72,European lobster,0.0038776642752444,1,28
1,2010,73,Other commercial decapods,0.000894037551527392,1,28
1,2010,66,Deep-water rose shrimp,0.0334741189355041,1,28
1,2010,85,Suprabenthos,0.00012072090204585,1,28
1,2011,62,Mesopelagic cephalopods,0.0027983968608859,1,30
1,2011,68,Giant red shrimp,0.00567029733265119,1,30
1,2011,67,Blue and red shrimp,0.0170491747604334,1,30
1,2011,56,Blackmouth catshark,0.0859929613070053,1,30
1,2011,31,Other commercial large demersal fish,0.00154291949160663,1,30
1,2011,71,Norway lobster,0.0249291204568373,1,30
1,2012,62,Mesopelagic cephalopods,0.0050137041715349,1,27
1,2012,26,No commercial meso (bathy) pelagic fishes,0.143628710838089,1,27
1,2012,68,Giant red shrimp,0.00530863141444378,1,27
1,2012,67,Blue and red shrimp,0.0424307329445171,1,27
1,2012,56,Blackmouth catshark,0.145274609570591,1,27
1,2012,31,Other commercial large demersal fish,0.00256112645612138,1,27
1,2013,68,Giant red shrimp,0.00335287294579005,1,30
1,2013,67,Blue and red shrimp,0.0451384752176885,1,30
1,2013,66,Deep-water rose shrimp,0.0192944666142531,1,30
1,2013,85,Suprabenthos,0.000302577075378589,1,30
1,2013,18,Other medium pelagic fishes,0.000997254473242231,1,30
1,2014,62,Mesopelagic cephalopods,0.0061041415412762,1,32
1,2014,68,Giant red shrimp,0.0065872493349766,1,32
1,2014,67,Blue and red shrimp,0.029504048203569,1,32
1,2014,25,Benthopelagic fishes,0.0317071358094031,1,32
1,2014,56,Blackmouth catshark,0.0732816657939867,1,32
1,2014,71,Norway lobster,0.04032832256797,1,32
1,2014,73,Other commercial decapods,0.00567074348629707,1,32
1,2015,62,Mesopelagic cephalopods,0.00260701682707844,1,33
1,2015,68,Giant red shrimp,0.00121380897077327,1,33
1,2015,67,Blue and red shrimp,0.0238656009375669,1,33
1,2015,56,Blackmouth catshark,0.0823325536123529,1,33
1,2015,71,Norway lobster,0.0468036195622531,1,33
1,2015,73,Other commercial decapods,0.00297009549805019,1,33
1,2015,85,Suprabenthos,2.99094426573132e-05,1,33
1,2016,62,Mesopelagic cephalopods,0.00637857025830815,1,30
1,2016,68,Giant red shrimp,0.00349039543597743,1,30
1,2016,67,Blue and red shrimp,0.0520707298022744,1,30
1,2016,56,Blackmouth catshark,0.173968490076623,1,30
1,2016,31,Other commercial large demersal fish,0.00629263030843307,1,30
1,2016,71,Norway lobster,0.0421059004271604,1,30
1,2016,85,Suprabenthos,0.000174977427345969,1,30
1,2017,23,Round sardinella,0.00425817435562387,1,31
1,2018,62,Mesopelagic cephalopods,0.0033207812793261,1,33
1,2018,68,Giant red shrimp,0.00276013303441534,1,33
1,2018,67,Blue and red shrimp,0.0255188829408269,1,33
1,2018,56,Blackmouth catshark,0.0823750641357416,1,33
1,2018,31,Other commercial large demersal fish,0.00668258699839441,1,33
1,2018,71,Norway lobster,0.0624034430407356,1,33
1,2018,85,Suprabenthos,0.000101813386299777,1,33
1,2018,16,Mackerels,0.00584222498664127,1,33
1,2019,26,No commercial meso (bathy) pelagic fishes,0.0522588400337227,1,31
1,2019,68,Giant red shrimp,0.00596778657192337,1,31
1,2019,67,Blue and red shrimp,0.0240184443542499,1,31
1,2019,25,Benthopelagic fishes,0.0767662971351368,1,31
1,2019,56,Blackmouth catshark,0.0836066682251804,1,31
1,2019,31,Other commercial large demersal fish,0.00331035591745341,1,31
1,2019,71,Norway lobster,0.0311569425080377,1,31
1,2019,85,Suprabenthos,4.18310553602892e-05,1,31
1,2020,62,Mesopelagic cephalopods,0.00304444894019953,1,39
1,2020,68,Giant red shrimp,0.000885958782337667,1,39
1,2020,67,Blue and red shrimp,0.032108723429561,1,39
1,2020,56,Blackmouth catshark,0.199351208689656,1,39
1,2020,31,Other commercial large demersal fish,0.0053559406777463,1,39
1,2020,71,Norway lobster,0.0580176477244932,1,39
1,2020,85,Suprabenthos,2.17559391389138e-05,1,39
1,2021,62,Mesopelagic cephalopods,0.00409883103252817,1,41
1,2021,68,Giant red shrimp,0.00784247018732928,1,41
1,2021,67,Blue and red shrimp,0.0252955838766639,1,41
1,2021,56,Blackmouth catshark,0.114105360693878,1,41
1,2021,73,Other commercial decapods,0.0131204656664754,1,41
1,2021,85,Suprabenthos,4.76106094153676e-05,1,41
1,2023,61,Benthopelagic cephalopods,0.135775152191925,1,7
1,2023,54,Bathydemersal (deep sea) fish,0.420508124485131,1,7
1,2023,26,No commercial meso (bathy) pelagic fishes,0.0115897114793815,1,7
1,2023,68,Giant red shrimp,0.0175969810422391,1,7
1,2023,67,Blue and red shrimp,0.0111293915418213,1,7
1,2023,44,Flatfishes,0.058159325780576,1,7
1,2023,53,No commercial small demersal fish,0.332688599569347,1,7
1,2023,25,Benthopelagic fishes,0.0472159627541904,1,7
1,2023,28,European conger,0.0275181702185084,1,7
1,2023,65,Gastropods,2.94850250012692e-05,1,7
1,2023,58,Rays and skates,0.172245686207962,1,7
1,2023,75,Purple sea urchin,0.000157119537334619,1,7
1,2023,63,Other benthic cephalopods,0.0036748388174231,1,7
1,2023,57,Other small demersal sharks,0.00145355351623115,1,7
1,2023,74,Non-commercial decapods,0.0381845940870175,1,7
1,2023,56,Blackmouth catshark,0.0193674737262875,1,7
1,2023,40,Scorpaenidae+,0.0167774559220343,1,7
1,2023,81,Red coral,1.94527175618739e-05,1,7
1,2023,27,Anglerfish,0.0257856661662207,1,7
1,2023,29,European hake juv.,0.270419391055013,1,7
1,2023,33,Blue whiting,0.00174926316303373,1,7
1,2023,71,Norway lobster,0.01592222557323,1,7
1,2023,35,Sparidae+,0.00184113769655328,1,7
1,2023,66,Deep-water rose shrimp,0.0341610943123479,1,7
1,2023,79,Jellyfish,0.126053872031327,1,7
1,2023,78,Other macro-benthos,3.89054351237478e-05,1,7
1,2023,85,Suprabenthos,4.48100683909867e-05,1,7
1,2023,45,Other commercial medium demersal fish,0.0404297698848046,1,7
1,2023,80,Salps and other gelatinous zooplankton,0.00118399353114051,1,7
1,2023,55,Small-spotted catshark,0.0208187872621202,1,7
1,2023,17,Horse mackerels,0.00576376816648116,1,7
1,2023,32,Poor cod,0.000680717391376392,1,7
