Stratum,Depth_min_m,Depth_max_m,area_km2,prop,GSA
1,10,50,845.572340199282,0.0715878132625071,1
1,10,50,14.9266170311604,0.020201777574437,2
1,10,50,1923.64300500365,0.0832630420824938,5
1,10,50,4935.77675573924,0.147762721937687,6
1,10,50,3175.40633739439,0.184599656979787,7
1,10,50,866.606564362774,0.103426205906409,8
1,10,50,3545.38896685722,0.118150504880836,9
1,10,50,1739.20713085148,0.0634467658038141,10
1,10,50,3082.6574139525,0.130603135484744,11
2,51,100,1584.98657422784,0.134188072983398,1
2,51,100,124.344583277404,0.168288742768186,2
2,51,100,4622.14795502124,0.200065240114403,5
2,51,100,11718.4408513877,0.350815849816023,6
2,51,100,6934.64460155727,0.403139906741708,7
2,51,100,1843.30064994323,0.219990939843192,8
2,51,100,4138.01505412942,0.137899839036076,9
2,51,100,2789.32100864715,0.1017552157233,10
2,51,100,4340.13247117171,0.183878658260438,11
3,101,200,986.224035917602,0.0834956617687213,1
3,101,200,126.880606997758,0.171721013256209,2
3,101,200,4139.00400457612,0.17915281770901,5
3,101,200,6840.4271759992,0.204782385582344,6
3,101,200,3253.01052766214,0.189111113272771,7
3,101,200,1265.43083259461,0.151024369343989,8
3,101,200,7481.13306983356,0.249309640647153,9
3,101,200,4564.75589169964,0.16652358012726,10
3,101,200,5935.2458110899,0.251458922841233,11
4,201,500,8394.89702231532,0.710728451985374,1
4,201,500,472.724609690187,0.639788466401169,2
4,201,500,12418.4085323092,0.537518900094093,5
4,201,500,9908.75149310588,0.296639042663946,6
4,201,500,3838.52162052103,0.223149323005735,7
4,201,500,4403.64633880692,0.52555848490641,8
4,201,500,14842.8587339629,0.494640015435935,9
4,201,500,18318.785107666,0.668274438345626,10
4,201,500,10245.2063125705,0.434059283413585,11
